{"type":"Topology","arcs":[[[36192,22744],[127,-228],[10,-618],[-368,332],[-89,286],[264,228],[56,0]],[[32297,29574],[-34,-227],[197,-372],[185,-53],[368,-126],[368,-280],[369,-181],[184,-244],[26,-338],[158,-426],[-107,-257],[-172,-228],[13,-455],[24,-228],[170,-228],[257,-115],[416,115],[136,-364],[195,-319],[-43,-227],[-336,-20],[-184,-44],[-184,-300],[184,-188],[368,154],[369,276],[184,-218],[368,-5],[185,-478],[99,-88],[-46,-456],[-168,-227],[-90,-228],[-147,-683],[-201,-29],[-184,-415],[-66,-467],[-118,-399],[0,-128],[184,-700],[103,316],[-76,456],[157,153],[368,-105],[301,-48],[79,-228],[76,-455],[-271,-276],[-266,-180],[-103,-346],[-184,37],[-315,-146],[-163,-228],[-64,-911],[-195,-353],[-184,-178],[-184,-153],[-229,1],[-508,119],[-100,-119],[-269,-34],[-50,34],[-231,0],[-271,-130],[-204,-97],[-135,-228],[-125,0],[170,455],[-75,454],[-184,189],[-92,496],[92,312],[184,289],[24,310],[345,654],[125,256],[-310,197],[-467,-424],[-349,-228],[-257,-228],[-32,-61],[-184,-75],[-46,-319],[96,-455],[-25,-456],[-394,-668],[-164,-243],[-204,124],[-185,42],[-335,-166],[-401,-142],[-185,-432],[-368,350],[-184,126],[-369,-181],[-198,52],[-170,370],[-185,54],[-273,-197],[-279,397],[-184,45],[-185,211],[-36,258],[117,228],[-81,235],[-184,-100],[-184,15],[-197,-150],[-172,347],[-303,108],[-375,228],[-243,255],[-262,200],[-475,176],[-260,280],[-108,258],[-266,-31],[-33,-227],[-254,-83],[-119,310],[-249,3],[-185,-59],[-184,64],[-326,220],[-226,178],[-244,-178],[428,-337],[368,-291],[0,-197],[-368,-51],[-737,71],[-369,72],[-184,47],[-326,231],[-227,225],[-184,143],[-184,219],[-184,0],[-369,-37],[-368,102],[-374,258],[-141,228],[331,265],[184,75],[334,-112],[219,-150],[552,19],[553,19],[79,112],[-217,228],[113,227],[65,0],[463,0],[66,228],[352,-134],[184,-106],[242,-215],[127,-357],[368,110],[-324,474],[324,83],[184,472],[210,128],[343,249],[689,207],[232,185],[185,277],[320,221],[215,227],[350,0],[220,-175],[184,161],[184,186],[141,284],[-282,455],[-342,228],[-69,176],[0,148],[479,359],[-111,394],[0,229],[0,81],[-184,290],[-158,372],[158,434],[101,249],[443,456],[193,95],[184,88],[184,182],[369,209],[368,192],[553,47],[368,-55],[369,25],[553,85],[368,187],[184,90],[369,217],[552,75],[528,156],[209,54],[249,-281],[205,-228],[120,-228]],[[21775,21614],[0,-319],[184,-203],[-20,285],[-164,237]],[[30249,18668],[-73,-478],[166,0],[-93,478]],[[1691,27297],[-125,-281]],[[1566,27016],[-22,25],[-7,18],[-65,77],[0,43],[-35,48],[-57,42],[-29,61],[-21,15],[-17,44],[-4,46]],[[1309,27435],[16,13],[366,-151]],[[4825,34787],[-368,-336],[-368,-298],[-375,-480],[-219,-228],[-233,-228],[-155,-227],[-193,-456],[-35,-455],[104,-429],[184,-155],[185,-120],[234,-207],[164,-227],[231,683],[292,67],[184,-103],[494,-192],[243,-92],[198,-136],[355,-200],[184,-157],[184,-136],[369,-272],[184,-299],[356,-74],[196,10],[553,-224],[92,-469],[-30,-456],[122,-162],[259,-65],[294,-71],[184,175],[369,80],[263,43],[290,-76],[329,-379],[301,-228],[-66,-455],[353,-228],[188,-71],[330,-157],[38,-31],[369,-110],[553,-28],[184,-60],[349,2],[388,182],[434,45],[303,110],[184,-201],[368,319],[185,315],[107,-87],[261,-136],[184,-177],[153,313],[400,254],[553,180],[80,249],[104,255],[184,-901],[184,-36],[249,-457],[-64,-249],[184,-283],[123,760],[-96,228],[82,455],[259,233],[153,450],[167,-227],[49,-23],[184,100],[72,-77],[-72,-367],[-142,-89],[-227,-114],[-184,-340],[-112,-229],[41,-455],[79,-228],[329,228],[32,-91],[0,-170],[184,-161],[184,239],[369,-20],[184,-137],[-92,-343],[92,-243],[184,39],[369,351],[368,-253],[369,-4],[368,-21],[553,-220],[264,123],[58,228],[46,26],[244,201],[-60,293],[263,163],[-78,249],[-280,434],[-319,683],[-138,293],[-369,290],[-273,100],[-279,98],[-369,-61],[-308,191],[124,258],[184,386],[232,39],[-232,15],[-123,212],[-61,114],[-119,342],[365,228],[101,455],[206,275],[368,115],[368,109],[553,-20],[369,41],[280,-65],[233,-455],[66,-228],[-167,-227],[-228,-177],[-369,126],[-224,-177],[124,-228],[353,0],[-57,-228],[180,-227],[-376,-76],[-184,198],[-251,-122],[127,-228],[124,-74],[369,-28],[184,-128],[368,-171],[369,19],[368,-39],[184,-99],[369,388],[184,-181],[369,-45],[372,130],[-4,306],[-184,136],[0,65],[184,53],[369,121],[184,-112],[184,211],[-368,-93],[-369,411],[-368,147],[-152,-106],[-196,-228],[-21,-2],[-184,135],[-59,95],[-187,228],[-123,96],[-250,131],[66,50],[369,163],[46,15],[322,97],[369,189],[368,-2],[184,-36],[185,-53],[368,-146],[368,-220],[185,-284],[83,-228],[137,-228],[332,-221],[553,74],[287,147],[527,456],[35,227],[-296,270],[-272,-42],[-140,0],[-180,455],[39,347],[184,304],[369,-2],[257,-193],[111,-416],[369,22],[0,295],[-185,131],[185,321],[196,102],[230,0],[311,161],[368,6],[369,50],[552,11],[184,-36],[185,-24],[368,-43],[369,316],[184,105],[368,87],[164,-178],[87,-227],[138,-456],[202,-227],[599,0],[18,455],[245,0],[205,-99],[369,-620],[111,264],[257,150],[185,-221],[269,-385],[99,-266],[62,266],[122,244],[535,-244],[59,0],[367,-227],[29,-456],[-253,-347],[0,-251],[242,-85],[-58,-349],[-415,-334],[10,-455],[37,-45],[307,45],[430,150],[0,-327],[0,-164],[10,-115],[93,-683],[81,-174],[369,22],[484,-303],[68,-281],[185,-481],[184,32],[266,-181],[67,-455],[37,-228],[-65,-228],[-161,-455],[47,-228],[177,-325],[369,-30],[133,-783],[-318,-461],[-212,-678],[201,-455],[11,-217],[166,-238],[-8,-456],[165,228],[-12,455],[58,522],[126,-522],[242,-125],[185,165],[368,-103],[184,-183],[110,-209],[-286,-683],[-263,-228],[-107,-455],[-6,-64],[-236,-619],[59,-228],[-171,-228],[67,-683],[-45,-455],[-227,-218],[-7,-10],[-94,-228],[143,-455],[74,-228],[-116,-439],[-168,-471],[-16,-629],[81,-510],[-81,-251],[-253,-204],[-300,-194],[-737,-737],[-54,-435],[-45,-456],[-257,-228],[-12,-5],[-185,210],[-368,152],[-369,-168],[-368,164],[-553,23],[-552,394],[-922,338],[-357,-197],[-564,-7],[-1,235],[-32,455],[-103,456],[-133,455],[-4,455],[-36,228],[153,456],[-212,230],[-369,179],[-137,274],[-231,277],[-118,-277],[-251,146],[-66,309],[-118,297],[-92,-297],[-42,-455],[-74,-124]],[[30594,16700],[-33,36],[20,39],[4,31],[-51,14],[2,35],[-40,-1],[10,-40],[8,-67],[-17,-117],[8,-25],[-1,-9]],[[30504,16596],[-169,0],[82,-392]],[[30417,16204],[-31,11],[-33,-12],[-28,-24],[-20,-36],[1,-56],[-27,-14],[-47,-64],[-1,-13],[-52,-37],[-37,-14],[-25,-36],[-4,-100],[-39,-83],[-29,-36],[-8,-72],[9,-51],[-29,-56],[0,-36],[-43,-32],[-36,-70],[-24,-96],[-16,-13],[-14,-47],[-53,-84],[-33,-14],[-18,-27],[-53,-15],[-67,3],[-43,-17],[-12,-15],[-43,-10],[-49,-45],[-114,-64],[-71,-8],[-27,-42],[-61,-8],[-45,-45],[-57,-32],[-7,-2]],[[29131,14792],[197,211],[369,578],[0,109],[-553,185],[-184,166],[-184,139],[-320,-39],[-51,-228],[-276,0],[-275,25],[-184,280],[-291,150],[-261,89],[-369,358],[-368,147],[-185,-133],[-10,7]],[[26186,16836],[-72,90],[-24,21],[-55,23],[-27,-4]],[[26008,16966],[-180,131],[-26,-1]],[[25802,17096],[-33,79],[-26,21],[-16,39],[-52,62],[-23,7],[-12,-29],[-29,-16],[-22,46],[-3,44],[-47,13],[-39,4],[13,55],[-28,33],[1,41],[-87,35],[-23,-17],[-11,-39],[13,-31],[-59,-37],[-17,23],[-34,8],[9,26],[-32,42],[-18,-3],[-14,-25],[-62,-28],[2,-47],[32,-5],[-1,-35],[-21,-5],[-90,28],[-54,-4]],[[25019,17381],[-112,192],[-172,-79]],[[24735,17494],[-7,5],[-10,6]],[[24718,17505],[-68,229],[-283,0],[-2,-5]],[[24365,17729],[-17,7],[-23,-7]],[[24325,17729],[-360,233],[-164,255],[-368,144],[-184,96],[-211,-40],[-91,-218]],[[22947,18199],[-42,25],[-111,60],[-289,145],[-71,31],[-47,13],[-23,-1],[-59,-41],[-30,-46],[-38,-25],[-107,-44],[-45,-15],[-69,-32],[-68,-14],[-69,1],[-76,9],[-129,22],[-52,-10],[-45,-1],[-73,14],[-104,0],[-86,16],[-65,-10],[-79,5],[-46,-15],[-123,1],[-61,-8],[-39,4],[-65,-11],[-24,-13],[-41,-6],[-77,0],[-109,-13],[-81,1],[-108,-10],[-116,-22],[-77,-5],[-100,-17],[0,0]],[[20103,18187],[-20,230],[-519,11],[-368,-156],[0,-432]],[[19196,17840],[-9,-2],[-16,-16],[-78,-40],[-38,-25],[-30,-5],[-160,-80],[-82,-30]],[[18783,17642],[-324,-94],[-369,-48],[-368,6],[-185,31],[-452,197],[-284,38],[-369,53],[-184,-95],[-313,-451],[-23,-121]],[[15912,17158],[-23,-15],[-70,-41],[-123,-101],[-26,-17],[-45,-47],[-34,-23],[-72,-69],[-30,-20],[-62,-19],[-11,-13],[-66,-27],[-62,-7],[-92,-36],[-66,-34],[-144,-95],[-25,-22],[-12,-2]],[[14949,16570],[-69,26],[-290,148],[-369,107],[-184,52],[-368,103],[-185,69],[-368,179],[-17,25],[-352,132],[-200,96],[47,455],[-215,171],[-271,57],[-282,0],[-184,-66],[-197,66],[-276,-228],[-80,-90],[-237,90],[64,228],[-11,14],[-243,-14],[-125,184],[-31,271],[56,228],[-210,147],[-368,172],[-210,364],[210,303],[-48,380],[-136,393],[16,62],[-200,176],[-134,280],[-62,227],[-296,-227],[-61,-156],[-73,383],[-25,228],[282,127],[95,329],[-279,218],[-369,-276],[-184,63],[7,-689],[-141,-227],[-107,0],[-127,132],[-369,-47],[-116,142],[-173,0],[-266,-227],[187,-210],[97,-246],[271,-186],[-116,-269],[-252,-254],[-345,-201],[-185,-228],[-32,-228],[193,-246],[-368,-156],[-272,175],[14,455],[313,228],[233,227],[409,228],[-145,261],[-184,74],[-266,-107],[-286,-174],[-369,146],[-268,255],[-93,228],[-7,258],[-185,554],[-368,-135],[-369,-170],[-158,-279],[-210,184],[-184,-262],[-217,305],[-182,456],[-154,572],[-174,339],[-73,227],[-490,101],[-184,168],[-184,240],[-369,338],[-80,64],[-104,261],[-184,219],[-369,240],[-77,-60]],[[1432,24542],[-2,7],[-84,210],[-93,198],[-99,199],[-33,63],[-22,60],[-39,73],[-59,99],[-34,50],[-74,116],[-7,21],[-72,109],[-99,126],[-71,75],[-79,88],[-37,39],[-68,85],[15,18],[-19,45],[9,23],[-28,74],[-57,101],[-65,72],[24,9],[32,-7],[47,-20],[7,-71],[16,19],[-3,48],[12,63],[5,103],[-9,10],[0,58],[16,29],[17,-70],[9,-75],[4,-95],[-4,-91],[18,-110],[-8,-39],[15,-15],[18,24],[14,-34],[-10,-30],[10,-27],[19,-11],[2,59],[-29,48],[-5,79],[5,49],[10,10],[-3,40],[23,15],[-5,72],[10,68],[-15,16],[2,31],[-20,22],[24,17],[10,-22],[-3,-39],[14,-33],[36,-40],[-5,-24],[27,-15],[5,-70],[14,-14],[3,-48],[22,-27],[0,-60],[23,-40],[-10,-37],[18,-1],[4,-29],[-25,5],[-4,-22],[21,-33],[-21,-29],[-11,-63],[29,-4],[11,114],[9,5],[15,62],[-18,30],[6,81],[21,1],[12,-31],[-7,-15],[19,-57],[-7,-44],[15,-33],[-1,-90],[-10,-11],[14,-39],[16,-17],[-15,-38],[-7,-63],[32,-36],[5,54],[13,25],[-5,47],[29,1],[23,15],[-7,-112],[4,-56],[28,3],[10,-51],[-9,-35],[22,0],[15,31],[-3,21],[32,40],[30,-15],[20,14],[12,29],[30,-24],[33,6],[-4,36],[27,39],[37,23],[27,51],[4,40],[-8,86],[-14,27],[18,46],[-2,47],[-23,46],[-35,45],[-42,39],[-60,33],[-69,18],[-17,35],[-1,30],[-24,20],[-25,44],[-4,22],[-32,37],[-37,3],[-1,33],[-19,53],[9,45],[-17,16],[-6,50],[4,30],[-16,19],[-35,21],[10,56],[-15,47],[-62,62],[20,42],[-15,73],[8,12],[-18,37],[-15,-30],[17,-27],[-7,-39],[-21,20],[-28,43],[4,68],[17,82],[21,23],[29,80],[17,11],[15,36],[22,16],[-2,-59],[13,-79],[15,-28],[41,-18],[17,15],[6,-64],[10,-44],[19,-36],[50,-34],[23,-41],[38,-33],[22,1],[3,-40],[-6,-32],[6,-37],[46,-20],[-4,-41],[-33,-67],[4,-97],[-43,-48],[6,-61],[-6,-9],[10,-89],[25,-46],[-4,-37],[47,-13],[33,8],[26,40],[85,167],[7,42],[-25,137],[49,-9],[11,-37],[-10,-12],[-16,-53],[19,-49],[-5,-46],[3,-37],[15,-28],[22,3],[12,-18],[-16,-73],[10,-54],[19,-24],[-9,-40],[21,-40],[0,-42],[9,-39],[97,-109],[40,-75],[53,64],[33,25],[12,30],[34,13],[29,27],[-2,34],[27,43],[0,44],[-42,60],[2,31],[-16,31],[-1,54],[16,7],[45,-4],[16,16],[-9,43],[-16,34],[7,49],[-37,62],[-14,40],[0,41],[27,14],[5,-23],[26,-12],[16,14],[-14,42],[2,48],[20,42],[-2,19],[-37,12],[-37,53],[-8,8]],[[1309,27435],[-1,7],[-34,78],[-17,26],[-5,47],[-43,64],[-1,27],[-17,34],[0,55],[-37,62],[3,21],[-20,18],[1,18],[-13,73],[-44,81],[-39,31],[-37,14],[-51,62],[-39,97],[-6,72],[20,76],[-10,35],[-29,40],[-2,17],[-34,11],[20,91],[-5,56],[-14,36],[-96,147],[-25,32],[-36,65],[-45,45],[-33,52],[-5,24],[-19,18],[-9,111],[10,92],[-5,29],[3,57],[-11,44],[-7,58],[22,5],[25,29],[17,34],[-3,76],[-26,65],[10,13],[-7,54],[13,20],[19,1],[13,26],[15,72],[-7,67],[6,35],[33,40],[26,63],[3,53],[15,35],[27,12],[15,20],[22,70],[7,9],[7,56],[18,17],[3,32],[24,15],[21,31],[64,41],[23,37],[42,36],[13,48],[17,36],[3,103],[-7,17],[12,31],[7,132],[-22,93],[-3,56],[-9,10],[8,77],[52,69],[20,79],[0,55],[-11,25],[7,27],[-10,78],[-19,31],[-10,70],[-20,48],[-8,39],[-38,71],[-38,35],[-40,-11],[-7,33],[19,47],[-23,67],[7,44],[-24,21],[14,50],[39,19],[24,38],[35,92],[5,66],[20,37],[37,47],[31,72],[15,47],[3,50],[14,26],[24,112],[19,41],[12,53],[41,125],[9,10],[1,41],[18,34],[20,21],[6,25],[28,46],[4,22],[103,90],[37,20],[34,0],[29,25],[37,-42],[-14,-13],[-37,-66],[-12,-83],[2,-33],[-31,-134],[0,-22],[-17,-43],[-27,-125],[6,-53],[35,-52],[3,-28],[21,-27],[-11,-30],[3,-49],[35,19],[28,-3],[-4,-27],[10,-34],[-28,-36],[-17,-35],[-28,-35],[6,-43],[-7,-50],[33,-66],[40,-8],[45,39],[10,40],[44,46],[25,11],[32,-2],[17,-43],[-5,-39],[48,-8],[29,20],[13,36],[-13,18],[14,35],[-4,26],[14,69],[11,15],[0,38],[28,45],[4,45],[36,27],[-19,32],[7,30],[39,10],[-38,62],[29,7],[25,-13],[10,18],[-8,27],[20,36],[22,67],[18,12],[4,47],[27,20],[27,37],[18,7],[3,57],[31,46],[4,103],[97,77],[58,5],[68,60],[21,7],[41,46],[19,10],[29,36],[27,0],[40,24],[67,-21],[39,13],[67,73],[13,-15],[26,-1],[35,39],[21,6],[21,22],[17,-9],[20,23],[64,-10],[25,6],[45,37],[40,25],[33,-3],[12,42],[30,-8],[25,33],[29,-37],[23,42],[-9,30],[17,33],[30,41],[26,3],[-4,27],[48,53],[29,44],[52,58],[31,1],[30,53],[20,-12],[52,23],[23,28],[27,13],[23,-10],[16,72],[19,19],[36,101],[48,71],[24,6],[63,52],[95,34],[89,37],[32,37],[28,2],[4,120],[11,37],[4,44],[26,-16],[15,-22],[67,-26],[46,14],[22,45],[17,-6],[52,20],[75,12],[64,70],[12,34],[79,19],[28,31],[26,9],[36,41],[46,26],[27,48],[26,-2],[2,24],[16,34],[23,26],[16,40],[25,13],[-3,29],[15,8],[53,4],[-10,-25],[-41,-61],[-10,-43],[-22,-60],[-3,-26],[42,-66],[30,-13]],[[4828,34787],[-3,0]],[[7220,19339],[192,-11],[-7,-6],[-185,17]],[[6044,19328],[-54,228],[125,308],[113,-308],[-184,-228]],[[5936,20011],[-104,-455],[-85,-344],[-156,-111],[-126,0],[-87,26],[-50,429],[311,228],[-210,227],[26,228],[292,130],[189,-358]],[[5342,20239],[-332,-92],[-266,92],[40,455],[226,14],[332,-469]],[[9984,17890],[-184,-227],[-162,-384],[-22,-52],[-185,70],[316,665],[237,-72]],[[5241,34833],[-10,-22],[-221,8],[-65,-11]],[[4945,34808],[51,67],[50,13],[12,-25],[33,40],[23,6],[35,-30],[21,3],[10,40],[32,36],[32,-12],[11,-32],[-34,-28],[14,-48],[6,-5]],[[35522,27981],[254,79],[309,376],[39,455],[-282,0],[-206,-227],[-114,-683]],[[31528,18873],[-173,-606],[0,-157],[178,-148],[169,-455],[28,0],[59,455],[-66,256],[84,199],[-84,408],[-195,48]],[[19694,29574],[423,180],[-89,276],[-187,-228],[-147,-228]],[[8142,25430],[184,193],[0,113],[-200,-32],[16,-274]],[[31723,19738],[-219,-410],[219,-151],[107,379],[-107,182]],[[884,28440],[-20,32],[23,8],[-3,-40]],[[112,27500],[-9,-29],[4,-34],[37,-114],[47,-206],[25,-31],[3,-32],[19,-43],[-7,-44],[14,-19],[43,-11],[-21,-22],[-15,-31],[12,-84],[38,-3],[33,-33],[10,-34],[24,-44],[18,-58],[-16,-51],[-17,-17],[-36,24],[-30,103],[-54,89],[-61,74],[-38,77],[-10,51],[-61,101],[8,68],[-13,46],[-14,21],[-26,88],[-9,13],[-10,76],[9,37],[-1,54],[54,73],[18,-26],[44,-6],[-12,-23]],[[2948,34647],[37,55],[10,29],[18,9],[58,103],[17,21],[39,-22],[-8,-38],[20,-43],[-7,-65],[-17,-26],[-12,-54],[-29,-14],[-9,-44],[-25,-28],[-28,-8],[-21,36],[-29,-1],[-4,-30],[-27,28],[0,33],[17,59]],[[8168,35761],[31,-267],[-57,-257],[-185,-430],[-184,-318],[-184,-151],[-320,-210],[-233,-159],[-160,-296],[-208,-51],[-184,181],[-369,-122],[-184,51],[-553,22],[-368,24],[-369,-198],[-368,-68],[-181,-295],[-70,-227],[80,-228],[171,-189],[368,-117],[369,-89],[192,-60],[212,-228],[333,-98],[184,-187],[184,-106],[196,-64],[541,-413],[209,-43],[159,-118],[369,15],[368,-85],[138,188],[-138,550],[-18,133],[61,228],[510,211],[369,-84],[305,101],[171,227],[298,228],[211,228],[268,227],[220,-152],[163,152],[143,228],[433,0],[367,3],[553,-78],[552,-54],[553,36],[368,89],[16,4],[353,45],[737,-21],[184,250],[368,74],[185,2],[368,19],[88,87],[638,227],[195,291],[737,24],[184,70],[78,298],[475,198],[369,88],[128,-58],[424,-84],[185,-157],[368,-33],[359,-181],[161,0],[33,1],[218,-1],[887,-76],[314,76],[239,14],[184,8],[369,7],[184,18],[552,53],[265,127],[104,25],[553,57],[552,200],[553,90],[203,84],[165,44],[553,75],[184,-52],[189,-295],[180,-283],[368,-82],[255,365],[298,223],[368,376],[493,312],[429,249],[368,54],[369,-67],[183,-236],[376,0],[234,-456],[128,-389],[184,-93],[368,48],[185,-42],[184,-46],[368,-186],[242,-202],[234,-228],[77,-73],[184,-317],[46,-293],[139,-379],[184,215],[552,72],[553,-423],[406,59],[219,684],[296,312],[238,-85],[131,-68],[368,-125],[225,-34],[203,-228],[-59,-367],[-185,-217],[-79,-327],[79,-163],[266,163],[287,164],[184,-193],[206,29],[163,-372],[184,68],[128,304],[241,160],[368,-120],[368,233],[185,292],[214,-110],[154,-446],[251,-237],[-101,-227],[-168,-228],[16,-228],[186,-207],[107,-248],[-110,-228],[-46,-227],[49,-409],[-184,-436],[-184,-198],[-78,-551],[54,-456],[-170,-455],[43,-228],[66,-455],[269,-190],[184,-166],[263,-327],[67,-683],[39,-243],[368,-172],[553,-356],[368,-19],[186,-121],[183,-245],[184,-245],[265,-193],[472,-345],[184,-248],[162,-546],[125,-227],[196,-683],[-16,-228],[-128,-228],[-69,-227],[126,-456],[-109,-228],[-102,-107],[-185,-144],[-184,-321],[0,-228],[129,-566],[-129,-457],[-184,-141],[-369,-287],[-30,-25],[-305,0],[-217,-86],[0,-269],[65,-556],[-65,-353],[184,-555],[52,-686],[168,-228],[114,-227],[-150,-445],[-184,48],[-184,-268],[-369,46],[0,-204],[184,-264],[13,-280],[174,-227],[-2,-456],[-98,-455],[172,-455],[-74,-328],[-185,-181],[-184,-263],[-138,-139],[-230,-102],[-327,-354],[-95,-227],[-131,-98],[-227,-130],[-572,-228],[-491,-186],[-552,274],[-553,-491],[-184,-85],[-369,-26],[-737,-124],[-368,396],[-368,157],[-369,59],[-244,482],[-309,290],[-232,165],[-320,200],[-369,-76],[-164,104],[-204,116],[-772,111],[251,1139],[-11,228],[-128,455],[-171,683],[22,228],[-112,452],[-3,3],[-182,316],[-126,140],[-242,80],[-541,603],[-12,-294],[77,-617],[173,-456],[32,-455],[87,297],[216,-752],[96,-456],[-5,-455],[-59,-116]],[[31419,13520],[-11,7],[-26,37],[-51,44],[14,34],[-44,71],[-51,32],[-15,23],[-25,65],[-34,22],[-50,48],[-7,61],[-22,73],[-18,30],[7,33],[-11,52],[-33,54],[-45,3],[11,52],[-10,44],[-16,27],[-70,90],[-26,-13],[-27,-46],[-19,-48],[-4,-30],[-23,-21],[-9,-39],[24,-35],[-17,-97],[-26,-32],[-50,-44],[-36,-48],[-21,-95],[-16,-33],[-2,-80],[-10,-47],[38,-26],[-26,-47],[-11,-33],[5,-41],[-15,-41],[-13,-78],[6,-10],[-38,-49],[-39,-99],[-20,-104],[-13,-20],[-20,-59],[8,-64],[-45,-13],[27,-54],[-7,-29],[19,-16],[-33,-26],[-54,-25],[-8,-27],[-54,-4],[-33,33],[-69,44],[-6,1]],[[30249,12927],[0,127],[204,127],[34,683],[131,222],[60,233],[-244,66],[-128,-294],[80,-227],[-137,-632],[-195,-51],[-3,1]],[[30051,13182],[26,11],[48,48],[10,31],[3,120],[21,72],[2,37],[13,43],[5,63],[16,33],[5,36],[-3,62],[-39,96],[14,59],[-8,68],[-16,14],[-28,-20],[-20,-46],[-17,29],[29,35],[11,46],[31,0],[12,40],[2,43],[18,37],[-2,55],[4,85],[-20,53],[-24,32],[-18,47],[82,7],[12,40],[21,30],[30,68],[-10,33],[-35,32],[34,18],[6,27],[47,54],[36,21],[-2,30],[-35,38],[19,17],[32,51],[103,97],[13,46],[45,62],[30,18],[45,65],[33,23],[22,47],[16,13],[33,1],[21,21],[35,-1],[14,37],[-47,8],[7,55],[-42,106],[-48,63],[5,48],[10,9],[-2,56],[-25,-10],[-22,19],[-31,46],[-6,38],[32,82],[51,36],[39,17],[21,-4],[14,25],[22,-6],[23,26],[30,2],[20,-26],[37,38],[8,33],[-22,17],[7,39],[-29,63],[-23,19],[-42,10],[-16,16],[7,25],[-22,63],[-19,112],[-15,32],[-13,78],[1,38],[48,32],[-27,18],[-40,43],[-54,26],[20,14],[9,40],[-45,48]],[[4828,34787],[22,-9],[32,-2],[62,32],[1,0]],[[5241,34833],[24,-19],[19,5],[33,-16],[29,-27],[13,5],[77,-24],[44,-23],[19,32],[54,-1],[104,25],[57,31],[26,22],[44,23],[14,-1],[6,-43],[23,31],[18,9],[20,-32],[52,14],[38,19],[65,60],[46,34],[16,37],[1,33],[34,8],[32,18],[19,66],[-5,24],[58,11],[48,32],[30,47],[25,10],[83,70],[43,28],[5,-23],[-13,-29],[72,28],[34,-4],[12,19],[43,8],[56,32],[11,-42],[82,28],[82,-10],[29,10],[5,23],[23,33],[45,13],[-6,-53],[15,-13],[37,10],[-39,21],[0,10],[50,8],[22,11],[11,-21],[43,-22],[92,60],[24,9],[62,0],[24,76],[23,7],[9,27],[36,62],[57,38],[20,24],[24,57],[8,52],[12,32],[72,17],[31,28],[15,31],[7,36],[27,-2],[60,-46],[7,52],[15,10],[40,-3],[49,-29],[76,-25],[28,4],[52,-19],[43,4],[29,-32],[32,9],[24,-9],[9,-24],[39,-35],[53,-28]],[[30504,16596],[-6,-32],[27,13],[44,-53],[-16,-53],[16,-77],[1,-30],[-22,-28],[8,-34],[-12,-34],[-44,9],[-5,-18],[10,-36],[20,-35],[11,-37],[-45,-3],[-31,7],[-11,25],[-26,22],[-6,2]],[[28323,13843],[-5,21],[52,455],[-147,154],[-369,64],[-8,10],[-197,227],[-347,480],[-369,-39],[-9,1]],[[26924,15216],[-2,24],[28,68],[-4,65],[-21,114],[-20,74],[-31,81],[-51,31],[-26,49],[-63,39],[-30,26],[67,3],[0,51],[-22,37],[-41,18],[-40,-2],[-40,32],[-53,-31],[22,-42],[37,-12],[22,3],[24,-43],[-14,-31],[-29,40],[-43,39],[-32,4],[-8,13],[-43,29],[-69,26],[-43,-7],[-37,-36],[-20,-4],[-11,73],[-25,23],[-10,25],[-30,11],[-33,54],[-22,-11],[1,-35],[40,-53],[21,9],[18,-30],[29,-10],[-5,-33],[3,-46],[-25,-13],[-14,18],[-70,53],[8,21],[-9,67],[-8,1],[-19,65],[-18,17],[-28,7],[-38,-23],[-27,33],[2,19],[23,10],[28,-9],[19,42],[-5,36],[-28,48],[-21,12],[-42,-15],[-10,30],[-34,-18],[-25,21],[7,46],[27,10],[40,29],[8,37],[-22,72],[-36,52],[-38,43],[37,16],[21,-14],[47,2],[24,-26],[42,-19],[-12,-32],[9,-38],[19,0],[23,22],[1,28],[40,49],[10,31],[18,15],[-4,22],[13,36],[-14,12],[-6,68],[-15,53],[-19,36],[-11,13]],[[29131,14792],[-56,-16],[-27,-38],[7,-27],[-81,-60],[-51,-31],[-27,-5],[-104,-98],[-20,-47],[9,-30],[-28,-42],[-10,-52],[-28,-21],[-43,-67],[-7,-44],[-49,-60],[-39,-40],[-70,-13],[-28,-33],[-6,-26],[20,-38],[-34,-34],[34,-6],[-7,-37],[9,-14],[-14,-75],[-13,-8],[-29,25],[1,29],[-18,10],[-42,-3],[-13,-40],[-43,-9],[-1,1]],[[26008,16966],[-13,-2],[-9,-18],[-46,15],[-42,-24],[-19,-21],[-1,-24],[-56,18],[-30,-3],[-33,-50],[-33,-14],[-24,44],[18,38],[-14,32],[21,63],[-2,29],[27,5],[-1,-37],[39,-9],[34,26],[7,30],[-22,15],[-7,17]],[[25019,17381],[-16,-1],[-25,-35],[-32,22],[-65,31],[-53,1],[-45,54],[-48,41]],[[24718,17505],[-48,26],[-30,-21],[-11,38],[-33,28],[-15,0],[-39,28],[-68,64],[-85,52],[-24,9]],[[24325,17729],[-14,-4],[-35,8],[-25,-9],[-44,23],[-43,11],[-79,-1],[-65,-17],[-28,-22],[-22,-49],[-49,-11],[-19,-15],[-48,-7],[-9,-22],[-71,8],[-8,-13],[-116,22],[-30,23],[-26,34],[-17,38],[-54,57],[-89,62],[-50,46],[-62,49],[-66,43],[-5,11],[-60,52],[-147,96],[-97,57]],[[20103,18187],[-116,-10],[-67,-14],[-111,-11],[-58,-18],[-48,-11],[-82,-35],[-55,-34],[-59,-28],[-60,-45],[-59,-32],[-56,-38],[-23,-26],[-56,-19],[-8,-13],[-49,-13]],[[18783,17642],[-83,-30],[-113,-52],[-186,-55],[-30,-2],[-99,-26],[-11,1],[-102,-27],[-81,-30],[-25,-17],[-42,-11],[-45,-24],[-37,-36],[-45,-3],[-169,-48],[-23,-13],[-108,-20],[-30,-10],[-54,0],[-77,-9],[-61,-2],[-137,-22],[-121,0],[-92,9],[-51,-21],[-71,-4],[-94,12],[-50,1],[-121,18],[-70,12],[-69,27],[-83,18],[-58,23],[-32,5],[-60,-13],[-49,-36],[-49,-18],[-46,12],[-15,-9],[-57,-12],[-34,-13],[-91,-59]],[[13673,15679],[-57,6],[-132,180],[-368,13],[-553,-124],[-368,48],[-369,-69],[-368,-41],[-358,-7],[-11,0],[-368,-59],[-369,-112],[-368,0],[-553,-15],[-368,-26],[-369,-78],[-368,-41],[-553,-246],[-206,-106],[-347,-424],[-368,-17],[-229,-242],[-508,-83],[-271,83],[-90,228],[130,455],[-137,358],[-185,39],[-254,58],[70,229],[-4,682],[-54,228],[-435,683],[-60,312],[-184,542],[-184,590],[-184,511],[-184,333],[-255,217],[-250,455],[-167,455],[-250,630],[-155,281],[-174,228],[-89,228],[-319,334],[-184,-117],[-145,133]],[[2101,22411],[-10,39],[6,20],[-24,72]],[[2073,22542],[173,54],[-6,375],[-250,0],[1,-20]],[[1991,22951],[-25,45],[-38,57],[-69,76],[-8,29],[-25,38],[-9,34],[-55,69],[-26,40],[-17,42],[-52,28],[-48,38],[-13,30],[-48,72],[-16,10],[-9,30],[-35,207],[-26,107],[-18,56],[26,122],[32,55],[11,47],[-13,82],[-27,95],[-32,130],[-19,52]],[[14949,16570],[-82,-18],[-25,-38],[-58,-32],[-37,-29],[-34,-52],[-29,-22],[-40,-18],[-29,-23],[-88,-44],[-77,-17],[-86,-13],[-194,-26],[-79,-20],[-49,-17],[-60,-32],[-86,-59],[-81,-91],[-56,-84],[-28,-62],[-24,-100],[-34,-94]],[[30005,13203],[-16,7]],[[29989,13210],[11,1],[5,-8]],[[29941,13232],[-57,26]],[[29884,13258],[30,8],[16,-10],[11,-24]],[[39136,32079],[-58,228],[383,48],[0,-335],[-325,59]],[[28248,39138],[343,-217],[732,-467],[190,-73],[368,-128],[184,-100],[317,-154],[604,-50],[326,-178],[272,0],[324,9],[368,310],[184,-18],[185,-136],[315,-165],[287,-227],[158,-228],[57,-455],[-81,-263],[-368,-93],[-368,104],[-22,24],[142,228],[-120,310],[-369,-2],[-66,-81],[-2,-455],[252,-163],[185,-636],[368,-28],[184,-188],[185,104],[237,228],[131,253],[102,430],[143,228],[232,227],[260,3],[184,-14],[369,-81],[552,-278],[553,-132],[674,-408],[431,-149],[186,-79],[367,-124],[368,-132],[276,-200],[461,-157],[185,75],[169,-373],[199,-85],[334,-370],[-11,-228],[143,0],[271,230],[0,309],[184,146],[369,220],[299,233],[69,316],[369,-190],[0,-287],[0,-128],[184,-320],[184,200],[184,-228],[13,-273],[172,-162],[257,-294],[194,0],[-83,642],[-133,269],[317,35],[184,-367],[99,-351],[16,-455],[-58,-228],[187,-456],[309,-235],[155,235],[36,0],[338,-455],[247,-683],[122,-228],[-153,-227],[361,-16],[280,-212],[272,-607],[185,-50],[184,-96],[-184,-348],[-369,29],[-368,17],[-185,28],[-136,-339],[108,-228],[107,0],[224,0],[-93,-455],[-200,-228],[-194,-205],[-274,-23],[-279,326],[-74,585],[-110,158],[-368,70],[-294,-228],[-208,-455],[-51,-560],[-368,-285],[50,-294],[134,-387],[368,-287],[369,-47],[397,-190],[340,295],[148,389],[58,-228],[346,-292],[369,18],[368,306],[477,-32],[4,455],[-69,228],[-72,228],[-10,455],[223,81],[184,-171],[184,194],[210,-104],[-25,-245],[-31,-438],[-308,-455],[-32,-228],[186,-317],[162,89],[126,-228],[49,-455],[-152,-542],[137,-141],[231,-44],[369,-236],[247,-403],[121,-160],[184,-217],[180,-306],[-28,-228],[-336,-377],[-368,-1],[-95,-305],[279,-50],[184,158],[206,-108],[-17,-228],[-373,-434],[-129,-249],[-227,-455],[-197,-28],[-368,-188],[-17,-12],[-388,-455],[-516,-579],[-298,-560],[-71,-453],[-52,-230],[-316,-363],[-155,-320],[-150,-227],[-180,-228],[-43,-228],[137,-683],[-162,-1018],[-369,134],[-61,-27],[-175,-455],[-9,-455],[-5,-456],[66,-92],[184,-258],[0,-292],[-309,-41],[-74,-228],[345,-227],[-224,-228],[-106,-35],[-184,-298],[-209,-350],[-115,-683],[-229,-154],[-368,-344],[-241,-185],[-128,-362],[-258,-94],[-72,-227],[-315,-228],[-92,-274],[-737,-299],[-707,-565],[-117,-228],[-281,-16],[-184,66],[-72,-50],[-297,-19],[-184,208],[-259,-417],[-273,-228],[-163,0],[-410,27],[-242,-27],[242,-67],[81,-388],[264,-228],[207,-43],[308,43],[429,321],[369,195],[263,-60],[14,-456],[-18,-82]],[[39352,8772],[-31,18],[-44,0],[5,-29],[-33,-9],[-11,13],[-73,-33],[-13,-37],[1,-27],[-68,-25],[-55,-52],[-13,0],[-47,-43],[-71,-4],[-37,-43],[-57,-20],[-10,-67],[-25,18],[-35,1],[-13,-14],[-44,4],[-18,16],[-20,-36],[-19,-12],[-12,-50],[36,-8],[21,-18],[37,24],[24,-25],[35,-13],[57,6],[46,14],[83,67],[75,-20],[33,-39],[-1,-41],[-11,-38],[-21,5],[-33,-23],[-50,-71],[-14,-54],[-80,29],[-45,-1],[-15,-25],[-79,14],[-71,-32],[-10,-14],[-50,-22],[-15,-30],[-17,-4],[-21,-29],[-42,-32],[-86,-44],[-3,-18],[-39,-6]],[[38353,7893],[-182,219],[-184,-11],[-647,298],[-274,283],[-368,-9],[-185,8],[-149,401],[149,350],[82,333],[-266,351],[-184,-7],[-184,-304],[-163,-268],[-22,-342],[-184,-206],[-29,321],[-339,311],[-502,144],[-235,28],[-369,-98],[-368,139],[-369,185],[-368,-59],[-57,-8]],[[32956,9952],[-11,3],[-6,43],[3,34],[-25,35],[-35,30],[-28,34],[6,25],[26,3],[63,47],[39,16],[48,46],[39,69],[14,84],[-1,123],[-19,87],[-30,110],[-41,134],[-96,237],[-67,138],[-79,141],[-49,79],[-82,117],[-87,110],[-102,116],[-76,80],[-69,66],[-134,114],[-87,67],[-100,67],[-76,44],[-87,39],[-62,22],[-69,13],[-25,-29],[-73,-17],[-40,-52],[8,-17],[-45,-27],[-53,-52],[-52,14],[-25,2]],[[31371,12147],[323,350],[333,684],[56,227],[-175,262],[-185,-171],[-278,-774],[-93,-99]],[[31352,12626],[0,4],[-5,63],[18,11],[14,38],[2,41],[-7,58],[5,15],[-3,64],[35,71],[27,72],[-10,58],[1,30],[-15,48],[-27,123],[16,58],[-1,34],[-13,20],[33,30],[14,-13],[-7,-44],[7,-16],[30,-3],[13,39],[-13,45],[-18,31],[-29,17]],[[8168,35761],[4,-2],[58,19],[36,22],[26,25],[9,42],[27,14],[7,-46],[43,19],[3,71],[34,-8],[83,4],[77,30],[86,25],[46,-1],[54,8],[92,23],[82,-1],[156,58],[75,37],[63,25],[163,74],[77,24],[136,75],[98,51],[172,84],[135,100],[95,79],[76,72],[58,69],[103,136],[45,72],[74,124],[89,165],[31,100],[22,44],[13,45],[-4,21],[20,18],[26,58],[5,55],[23,17],[16,47],[21,26]],[[10723,37681],[366,-135],[185,-64],[184,-69],[368,-43],[553,-7],[737,50],[553,32],[552,56],[185,43],[368,55],[368,75],[185,148],[368,159],[369,-64],[368,-12],[553,77],[68,17],[217,0],[636,-185],[368,95],[185,191],[184,101],[737,-97],[553,47],[368,191],[298,-115],[255,-220],[184,-105],[368,-51],[369,78],[796,525],[474,456],[423,228],[333,193],[185,71],[552,125],[369,13],[552,-211],[185,105],[368,135],[369,12],[368,-36],[369,-91],[736,-118],[394,-198]],[[29941,13232],[6,-12],[21,-11],[21,1]],[[30005,13203],[12,-22],[18,-6],[16,7]],[[30249,12927],[-35,5],[-12,-8],[-53,28],[-54,4],[-62,-34],[-26,-21],[-23,-52],[-41,0],[-50,14],[-27,-8],[-33,-29],[-25,-39],[-3,-32],[-54,-20],[-117,32],[-58,-1],[-39,-44],[-4,-23],[-25,-3],[-3,-20],[-54,-5],[-21,-22],[-15,20],[-24,8],[-26,48],[20,31],[0,60],[24,-6],[30,15],[6,34],[48,34],[16,52],[16,24],[-6,37],[-27,60],[46,45],[-2,30],[10,40],[43,44],[-4,35],[48,-10],[35,-22],[100,4],[51,23],[28,-6],[37,9]],[[28323,13843],[-29,5],[-32,-29],[-34,-86],[9,-36],[25,1],[1,-38],[-25,7],[-22,21],[-42,-30],[-7,-45],[-1,-75],[32,-9],[-1,-61],[-40,12],[-45,-45],[-29,-42],[59,-14],[33,18],[44,4],[41,56],[29,11],[9,-35],[28,1],[8,20],[0,63],[20,-15],[8,-37],[-14,-28],[3,-27],[-12,-43],[-42,-32],[4,-43],[15,-45],[21,-36],[-5,-35],[18,-36],[-24,-19],[-29,-4],[-23,9],[-16,57],[-23,18],[-57,26],[-20,58],[-37,20],[-66,17],[-62,-13],[-13,-64],[-17,-24],[-5,-34],[-36,14],[-44,-4],[5,48],[-23,44],[-64,72],[2,7],[-64,64],[-9,27],[-25,34],[-80,67],[-36,19],[-42,10],[4,47],[-9,32],[-22,30],[-31,17],[-27,45],[-29,25],[-30,12],[-32,-17],[-35,0],[-55,-53],[-3,51],[4,43],[17,13],[3,27],[33,56],[21,17],[6,30],[18,0],[8,-93],[56,-23],[41,2],[23,-27],[-18,-31],[7,-20],[55,-23],[1,-43],[13,-25],[37,-5],[2,-21],[67,11],[4,21],[33,-2],[48,10],[-68,36],[-36,-24],[15,50],[2,50],[-53,30],[-5,-31],[16,-37],[3,-38],[-31,-10],[13,42],[-5,30],[-22,33],[2,21],[20,24],[-9,82],[-35,31],[7,57],[-11,24],[5,35],[-11,85],[-9,41],[-35,90],[-28,41],[-26,8],[-37,33],[41,49],[-2,44],[10,22],[-15,56],[2,29],[-23,53],[-29,46],[-35,42],[-22,69],[-23,0],[-42,64],[-57,48],[-18,30],[-51,61],[-51,41],[-59,38],[-22,23],[-91,68],[-3,35]],[[12633,14620],[-46,12]],[[12587,14632],[1,12],[-14,15],[3,46],[-43,73],[-74,50],[-61,10],[-13,-36],[-49,-11],[-28,5],[-46,-5],[-92,-31],[-22,30],[-56,18],[-40,-21],[-34,1]],[[12019,14788],[-193,53],[-368,148],[-553,-37],[-286,-81]],[[10619,14871],[-18,10],[-26,6],[-33,-21],[-26,17],[-55,12],[-12,-11],[-36,14],[-47,5],[-16,-19],[-37,10],[-23,-6],[-3,-21],[-34,-18],[-63,13],[-22,-3],[-24,-33],[-27,1],[-43,22],[-38,3],[-24,-17],[-37,4],[-35,-5],[-7,-15],[-85,13],[-28,-6],[-59,15],[-35,-16],[-40,-34],[-36,5],[-82,-11],[-38,11],[-51,-9],[-46,9],[-49,-16],[-6,-43],[-33,-10],[-77,-54],[-44,-6],[-43,16],[-119,28],[-84,14],[-77,-7],[-61,-23],[-7,11],[-85,33],[-40,-20],[-27,-1],[-9,-27],[-45,-33],[-24,11],[-92,-1],[-57,-31],[-28,-55],[-38,-22],[-22,-30],[-27,-1],[-38,-29],[-14,2],[-36,-25],[-7,-20],[-43,-38],[-21,-29],[8,-27],[-41,-42],[-29,-43],[-20,-44],[-13,-49],[-6,-54],[10,-54],[10,-4]],[[8099,14073],[-90,-7]],[[8009,14066],[0,0],[-2,0]],[[8007,14066],[-50,-4],[-257,-183]],[[7700,13879],[-12,6],[-13,-14],[-27,3],[-17,24],[-80,28],[-104,12],[-62,-6],[-32,-15],[-7,-56],[-68,0],[-50,-16],[-54,-41],[-28,-53],[7,-30],[40,-22],[-28,-19],[-13,-27],[-35,-28],[-18,3],[-48,-22],[-20,-32],[-31,5],[-6,-4]],[[6994,13575],[-142,45],[-368,4],[-194,12],[-543,89],[-737,293],[-350,301],[-387,302],[-39,153],[87,456],[69,227],[82,228],[-67,911],[21,455],[-4,456],[-117,455],[-216,575],[-185,129],[-368,82],[-328,125],[-126,-74]],[[3082,18799],[-8,28],[-31,76],[-22,95],[-61,134],[-7,45],[-15,38],[-24,40],[-53,114],[-39,62],[-36,12],[-2,61],[-44,120],[-25,80],[-54,112],[9,40],[-24,49],[-24,24],[19,40],[-26,85],[1,40],[-11,88],[-27,31],[23,26],[5,26],[-7,45],[-15,28],[-32,16],[-5,57],[14,42],[-6,41],[-22,81],[-25,11],[-5,34],[12,65],[-8,48],[13,25],[11,57],[-5,88],[4,27],[-20,56],[-7,60],[0,150],[23,130],[-1,40],[25,70],[-2,36],[-46,129],[0,57],[-15,47],[-24,33],[-15,53],[5,43],[-21,57],[-17,81],[-19,63],[-49,77],[-59,72],[-119,131],[-67,93],[-1,3]],[[13673,15679],[-1,-4],[-24,-50],[-42,-128],[-15,-84],[-8,-107],[-22,-31],[-33,-10],[-8,-16],[-45,-6],[-30,-26],[5,-39],[-23,-9],[-53,-38],[-44,-50],[-21,-38],[-13,-78],[11,-28],[-14,-23],[-33,-7],[-31,-30],[-44,-22],[-28,-50],[-53,-2],[-36,-33],[-18,-49],[-42,-11],[-5,29],[-26,19],[-92,26],[-66,-8],[-34,-30],[-5,-25],[-42,-59],[-21,-3],[-24,-30],[-35,10],[-14,-14],[-11,-5]],[[2073,22542],[-4,13],[11,18],[6,53],[-17,61],[8,34],[-13,60],[-32,71],[-24,68],[-17,31]],[[29841,11621],[82,193],[-42,246],[-228,30]],[[29653,12090],[5,0],[65,25],[26,34],[25,-5],[27,18],[24,-5],[37,26],[40,6],[44,21],[12,15],[88,-17],[28,4],[54,-12],[54,23],[20,-22],[44,13],[22,22],[85,7],[-5,-38],[-27,3],[-47,-43],[16,-36],[41,10],[31,-7],[2,-22],[-46,-36],[-3,-21],[-31,-32],[0,-18],[30,-16],[30,7],[51,-12],[79,6],[58,18],[29,-52],[-16,-11],[-57,-61],[6,-44],[24,9],[32,-8],[23,13],[-18,23],[-41,-1],[17,25],[53,-9],[37,8],[49,55],[2,46],[16,17],[81,-4],[90,-35],[27,-31],[-2,-26],[27,-35],[38,-25],[5,-22],[-16,-21],[-56,-50],[-30,-35],[-22,2],[-104,58],[-34,7],[-34,-16],[-42,19],[-55,10],[-75,-2],[-20,-36],[-78,-11],[-50,-32],[-18,-22],[-10,-49],[23,-36],[-19,-51],[-25,-14],[-55,-13],[-41,-44],[-23,-2],[-27,-23],[-98,87],[-15,25],[-97,12],[-18,-4],[-27,17],[-47,7]],[[29419,12056],[-275,-153],[-88,-209]],[[29056,11694],[-44,50],[-11,32],[13,27],[25,13],[-5,31],[23,51],[-6,45],[16,25],[51,0],[84,14],[25,26],[41,-2],[34,18],[6,18],[93,9],[18,5]],[[31272,12542],[-73,-77]],[[31199,12465],[22,43],[50,34],[1,0]],[[31064,12323],[-50,-53],[308,-127]],[[31322,12143],[-16,-11],[-135,4],[-43,-5],[-52,-31],[-39,-5],[-32,6],[-45,24],[-40,33],[-2,31],[26,32],[10,32],[56,65],[30,-8],[24,13]],[[42490,30713],[-197,455],[-175,-227],[-85,-228],[192,-407],[328,179],[-63,228]],[[40761,36405],[174,-407],[-184,-64],[-369,209],[-184,167],[-276,95],[172,228],[109,228],[375,0],[183,-456]],[[42748,2251],[322,0],[76,261],[68,-33],[41,-139]],[[43255,2340],[-13,-1],[-48,-13],[-21,-22],[8,-71],[-15,-46],[-65,-72],[17,-29],[-32,-76],[29,-51],[-19,-46],[-25,-25],[-10,-27],[36,-52],[-11,-34]],[[43086,1775],[-125,227],[-525,-206],[250,-679]],[[42686,1117],[-46,36],[-34,11],[13,36],[-16,14],[-32,53],[-39,20],[-47,3],[-32,-29],[-38,29],[-9,-25],[92,-43],[67,5],[-8,-19],[-67,-27],[-26,-80],[44,-36],[7,-16],[-34,-35],[24,-64],[-16,-19],[-110,-35],[-25,10],[11,29],[-21,17],[11,39],[31,-73],[26,-7],[25,14],[-5,36],[13,22],[-35,35],[9,77],[-26,5],[-20,-49],[-16,8],[12,42],[-18,37],[-62,11],[-3,35],[-14,10],[-22,43],[-13,6]],[[42237,1243],[-12,37],[-369,391],[-184,-117],[-64,242],[64,163],[184,124],[184,-38],[191,206],[-36,228],[-155,277],[0,221],[297,-43],[234,-227],[177,-456]],[[42298,1064],[-13,39]],[[42285,1103],[8,-3],[8,-27],[-3,-9]],[[42274,1136],[-12,35]],[[42262,1171],[8,-6],[6,-25],[-2,-4]],[[42251,1204],[-6,16]],[[42245,1220],[7,-4],[-1,-12]],[[42354,8627],[216,-194]],[[42570,8433],[-47,-40],[-93,-84],[-280,-276],[-81,-77],[-130,-127],[-107,-114]],[[41832,7715],[-1,1],[25,402],[-350,281],[166,328],[682,-100]],[[44614,10676],[-65,-455],[-114,-129],[-368,128],[-279,228],[150,456],[313,430],[184,238],[185,59],[77,-500],[-83,-455]],[[45725,17461],[225,-182],[-41,-54],[-184,236]],[[46093,19418],[-736,-291],[0,336],[87,321],[281,27],[368,-393]],[[27716,40959],[219,-228],[104,-174],[368,-95],[322,-186],[231,-164],[184,-12],[368,-279],[185,-134],[311,-322],[610,-180],[368,-19],[185,23],[344,-51],[208,-36],[369,-13],[184,-4],[369,-35],[552,26],[553,17],[609,45],[496,-192],[921,-127],[127,-137],[150,-228],[130,-227],[175,-228],[340,-277],[154,277],[-78,683],[476,210],[328,-210],[10,-683],[288,-228],[-17,-227],[128,-244],[98,244],[73,455],[81,455],[-68,334],[237,122],[96,228],[36,326],[184,149],[637,208],[100,645],[329,-190],[-145,-223],[-152,-232],[-31,-228],[187,-228],[-4,-317],[176,-366],[9,-275],[18,-180],[166,-368],[77,-88],[234,-227],[155,-228],[104,-228],[238,-227],[162,-228],[206,-228],[298,-151],[368,-169],[245,93],[492,60],[9,-5]],[[42602,36233],[29,-37],[37,-30],[13,-31],[46,-20],[28,8],[40,-2],[0,1]],[[42795,36122],[166,-96],[185,-173],[95,-359],[-95,-206],[-161,-249],[161,-233],[224,-678],[144,-421],[468,-262],[190,-228],[141,-227],[169,-228],[56,-228],[82,-313],[184,-263],[184,205],[241,65]],[[45229,32228],[-2,-39],[9,-13],[24,24],[10,39]],[[45270,32239],[44,12]],[[45314,32251],[16,-26],[28,-22],[23,-73],[23,-40],[41,-24],[7,-20],[43,-27],[35,-71],[31,-74],[18,25],[-25,54],[-10,56],[0,24],[-22,36],[-14,61],[-12,16],[-29,84],[-22,56]],[[45445,32286],[78,21],[202,-139],[184,-518],[42,-254],[296,-683],[215,-208],[172,-248],[12,-303],[255,-152],[-58,-228],[-261,-227],[64,-273],[272,-183],[281,-192],[33,-35],[335,-353],[185,-196],[252,-134],[102,-456],[14,-366],[58,-317],[134,-228],[-47,-227],[9,-228],[30,-331],[49,-352],[320,-633],[184,-425],[315,-764],[-197,0],[-181,228],[-306,221],[-184,-209],[0,-25],[80,-670],[-80,-348],[-184,-13],[-146,-322],[-47,-455],[11,-228],[-371,-462],[-184,-54],[-153,-395],[-215,-180],[0,-70],[124,-205],[244,-199],[553,156],[112,-185],[24,-228],[-320,-557],[17,-353],[-202,-114],[-368,19],[-116,-133],[-103,-228],[-150,-225],[-191,-230],[338,-228],[58,-228],[-154,-455],[318,-346],[158,-337],[-124,-228],[-321,-227],[-266,-310],[-368,90],[-240,-8],[-312,-228],[-49,-455],[-320,-385],[-86,-298],[84,-228],[131,0],[170,228],[170,227],[157,0],[203,0],[142,228],[75,228],[257,0],[34,-456],[-80,-227],[-176,-228],[-304,-228],[-328,-455],[5,-228],[-47,-455],[-223,-415],[-184,-255],[-45,-241],[-140,-218],[-362,-10],[297,-455],[-62,-455],[472,-448]],[[45517,10456],[-2,-30],[-13,-32],[-32,-34],[-10,-49],[14,-18],[-18,-31],[0,-44],[-18,7],[-14,-47],[17,-30],[24,-7],[-14,-60],[22,-46],[-6,-25],[-82,-79]],[[45385,9931],[-21,62],[-82,228],[-294,126],[-368,-519],[-369,29],[-368,23],[-474,-343],[105,-448],[56,-235],[1,-4]],[[43571,8850],[-37,-2],[-130,-17],[-99,-25],[-130,-49],[-27,-5],[-89,-34],[-36,-8],[-122,-52],[-76,-39],[-101,-65],[-96,-73],[-58,-48]],[[41832,7715],[-5,-6],[-54,-63],[-55,-37],[-8,24],[-80,-11],[-30,-19],[-7,-33],[-45,-23],[-25,4],[-44,-26],[-27,17],[-132,-22],[-15,-38],[-59,21]],[[41246,7503],[123,213],[184,228],[-434,189],[47,266],[194,228],[66,455],[430,77],[184,294],[185,120],[307,192],[324,228],[105,-317],[269,89],[213,456],[364,683],[234,455],[26,311],[263,144],[26,456],[-245,683],[-170,228],[-276,0],[-244,-228],[-91,-234],[-369,-161],[-110,-288],[-192,-228],[-395,-228],[-86,-227],[-209,-228],[-297,-93],[-259,-135],[-51,-227],[-239,-228],[-188,-28],[-369,-147],[-334,-280],[519,-217],[-185,-128],[-116,-111],[-436,-142],[-369,87],[-48,-400],[235,-228],[-144,-455],[352,-456],[-18,-50]],[[40022,8121],[-11,14],[-11,57],[-44,24],[-36,6],[-14,-17],[-83,20],[-4,-23],[-38,-27],[-37,1],[-31,14],[-60,-100],[-14,-37],[29,-34],[-6,-12],[5,-54],[-17,-17],[-91,22],[-41,-18],[-35,-34],[-16,-6],[-6,-2],[-21,-40],[-9,-35],[-61,-17],[-30,4],[-33,-14],[-16,12],[-32,-7],[2,25],[-56,68],[-127,120],[-88,63],[17,10],[33,-19],[39,-10],[13,-27],[31,-26],[77,-17],[106,33],[63,33],[24,34],[-14,13],[52,65],[0,36],[11,23],[34,21],[31,55],[31,19],[11,28],[1,77],[-12,47],[-27,56],[-48,43],[-25,-11],[-25,36],[-31,67],[-2,55],[-25,52],[-3,2]],[[10723,37681],[2,2],[-9,14],[4,63],[-18,22],[-19,2],[-2,33],[10,16],[35,5],[19,-19],[31,20],[30,-1],[25,10],[12,33],[21,7],[34,30],[-9,51],[-18,36],[-51,38],[42,28],[25,64],[20,-8],[-11,51],[38,54],[19,4],[19,-30],[21,-12],[45,15],[64,50],[27,36],[22,4],[21,18],[35,51],[22,47],[26,-1],[18,17],[47,21],[42,54],[13,41],[36,23],[3,30],[33,7],[20,20],[35,11],[41,21],[53,56],[15,38],[8,50],[-2,69],[-9,48],[-23,26],[-64,4],[-67,31],[-15,-29],[-29,-26],[-8,-27],[-29,41],[27,46],[6,24],[5,123],[-16,121],[1,128]],[[11396,39382],[32,-17],[214,-130],[184,14],[323,116],[230,96],[153,132],[331,228],[104,20]],[[12967,39841],[8,-18],[36,-30],[38,-79],[-1,-40],[28,-18],[12,-29],[-6,-43],[12,-35],[13,8],[-2,67],[11,23],[-24,42],[4,20],[-5,78],[-15,13],[9,42],[-1,22]],[[13084,39864],[32,6],[553,-274],[552,-24],[553,-103],[368,42],[185,20],[368,55],[369,78],[228,157],[509,195],[828,32],[830,-108],[368,9],[379,327],[-99,455],[44,228],[229,226],[553,-49],[184,84],[368,51],[243,-84],[310,-163],[522,163],[1136,413],[191,42],[362,116],[368,-20],[369,-14],[552,55],[369,-2],[921,8],[737,-308],[737,-96],[414,-422]],[[38129,7686],[-3,30],[-399,228],[-292,46],[-369,-15],[-425,-31],[-131,-111]],[[36510,7833],[-3,3],[-100,74],[-87,43],[-23,-12],[-85,59],[-40,20],[-67,-16],[-10,6],[-59,-13],[-35,-42],[-42,-4],[-62,8],[-91,51],[-73,60],[-100,57],[-59,19],[-176,20],[-46,-9],[-50,-25],[-68,-47],[-11,-22],[25,-32],[2,-18],[35,-58],[-43,-3],[-44,10],[-26,-27],[0,-25],[-23,-13],[-17,14],[-7,48],[-72,42],[-45,0],[-22,-11],[9,-38],[-48,12],[-8,39],[37,34],[-6,18]],[[34970,8055],[128,116],[-58,311],[-329,-83],[-10,-60]],[[34701,8339],[-56,35],[-112,62],[-57,24],[-31,6],[-78,12],[-35,-5],[-39,15],[-42,-12],[-22,6],[-28,-18],[-62,8],[-67,-12],[-25,28],[-43,21],[-44,9],[-23,23],[-43,25],[-34,45],[-43,37],[-42,8],[-53,49],[-22,59],[-39,74],[-12,35],[-62,118],[-52,74],[-49,59],[-88,71],[21,23],[-2,28],[-27,35],[-38,25],[-20,28],[-34,14],[-21,-20],[-42,33],[-42,57],[-20,16],[-25,44],[-25,22],[-29,59],[-42,47],[-44,70],[-47,98],[-21,22],[15,27],[29,-5],[22,28],[1,32],[-16,45],[-19,24],[-16,5]],[[38353,7893],[-20,-4],[-33,-51],[-46,1],[-38,-11],[-69,-85],[8,-24],[-16,-28],[-10,-5]],[[31371,12147],[-40,2],[-9,-6]],[[31064,12323],[13,7],[82,57],[40,78]],[[31272,12542],[34,6],[37,24],[9,54]],[[12633,14620],[-49,-22],[3,34]],[[12019,14788],[-64,3],[-67,-17],[-25,-29],[13,-37],[-17,-13],[-24,24],[-62,-6],[-76,32],[-56,11],[-49,-4],[-88,-52],[-24,-29],[15,-33],[-38,-22],[-31,14],[-34,-18],[-102,-16],[-4,38],[11,19],[-41,117],[-68,88],[-27,20],[-25,5],[-23,-12],[-44,3],[-38,-19],[-19,-54],[-63,-7],[-61,-32],[-54,45],[-51,25],[-28,-1],[-19,-32],[-19,-6],[-17,22],[-58,43],[-23,13]],[[8099,14073],[16,-8],[14,-22],[36,8],[2,-20],[-42,-5],[-24,-26],[-45,7],[15,19],[-12,27],[-37,-5],[-13,18]],[[8007,14066],[-33,-12],[-28,-71],[15,-18],[-5,-41],[-18,-11],[-2,-27],[-33,16],[13,18],[-25,25],[-45,1],[-30,-14],[-7,-32],[7,-51],[-33,-14],[-8,-21],[-30,44],[-45,21]],[[6994,13575],[-18,-12],[-56,-11],[-97,-47],[-29,-21],[-35,-42],[-21,-45],[-14,-55],[1,-50],[32,-8],[4,-24],[-43,-16],[-74,17],[-38,-23],[-50,5],[-47,-19],[-16,-20],[-35,-5],[-11,-40],[49,-22],[-17,-55]],[[6479,13082],[-26,7]],[[6453,13089],[-8,22],[-82,15],[-15,-6]],[[6348,13120],[-135,39]],[[6213,13159],[-1,17],[-37,14],[-1,-20]],[[6174,13170],[-37,11],[-206,50],[-369,163],[-184,94],[-361,148],[-7,4],[-369,190],[-74,34],[-384,227],[-279,452],[-79,231],[-3,228],[82,307],[124,376],[119,456],[33,455],[19,455],[-20,456],[-90,309],[-288,-82],[-73,-455],[-46,-228],[-131,-683],[-109,-911],[-90,-309],[-185,-127],[-273,-19],[-339,124]],[[2555,15126],[16,12],[17,40],[-28,109],[-2,49],[40,-22],[24,0],[9,-18],[31,-19],[16,-23],[10,-42],[16,-18],[105,-42],[68,-9],[56,5],[95,32],[32,21],[36,36],[128,175],[34,40],[37,85],[23,86],[21,34],[37,18],[12,33],[4,164],[7,85],[-10,116],[-14,101],[-13,65],[-7,61],[-24,87],[-31,259],[30,108],[28,27],[64,86],[12,-27],[-4,-26],[-49,-25],[-39,-62],[6,-52],[30,-82],[1,-40],[23,-40],[2,-20],[37,-23],[5,43],[-20,22],[3,19],[-19,56],[-16,19],[0,38],[-21,28],[4,31],[40,-44],[32,13],[19,-18],[28,28],[11,52],[-18,6],[-4,35],[-44,-2],[-1,43],[-13,28],[20,7],[23,63],[4,55],[-5,46],[-40,59],[26,9],[10,22],[-3,43],[-11,16],[-36,8],[-4,42],[34,2],[37,40],[-1,40],[16,24],[8,38],[-14,29],[1,37],[-10,15],[7,36],[-30,77],[49,40],[11,26],[47,-19],[5,26],[32,18],[-9,24],[-31,4],[-15,-36],[-22,-7],[-23,23],[0,-54],[-28,1],[4,76],[2,110],[-9,102],[-25,43],[5,46],[-17,72],[-33,80],[-7,34],[-26,47],[-34,82],[-41,75],[-29,36],[-19,46],[-17,58],[-45,84],[-12,14],[-78,130],[-12,43]],[[29841,11621],[-23,4],[-18,-10],[-9,-44],[-38,-16],[-18,-20],[-35,24],[-66,-13],[-64,13],[-39,-13],[-27,0],[-35,-25],[-67,39],[-35,-3],[-19,-26],[-41,8],[-9,-19],[-59,-2],[-24,12],[-23,49],[-45,60],[-34,17],[-25,-10],[-29,18],[0,26],[-3,4]],[[29419,12056],[92,24],[76,2],[66,8]],[[42174,799],[-5,86],[16,228],[-329,153],[-133,75],[-168,227],[-67,114],[0,360],[184,301],[375,136],[-162,228],[-84,227],[-110,228],[349,254],[369,-305],[184,-156],[368,33],[185,-217],[184,-71],[104,199]],[[43434,2899],[6,-44],[-30,-75],[3,-53],[25,-45],[28,-11],[-8,-27],[24,-40],[-21,-21],[4,-45],[-20,-16],[-12,-49],[0,-46],[32,-35],[22,-65],[20,-36],[-30,-20],[-3,-50],[36,-19],[11,-17],[-11,-46],[-28,-24],[-11,-55],[-20,-11],[-14,37],[-31,7],[4,39],[33,56],[-38,46],[45,32],[-4,24],[-32,18],[-22,-3],[-11,35],[-40,21],[-62,3],[17,49],[52,12],[38,58],[-20,19],[-39,-55],[-29,18],[-36,-12],[25,-53],[-17,-34],[97,-26],[1,-12],[-80,12],[-33,0]],[[42237,1243],[-31,16],[10,21],[-27,11],[-21,-37],[25,-28],[24,10],[28,-16]],[[42251,1204],[-2,-24],[13,-9]],[[42274,1136],[-10,-24],[21,-9]],[[42298,1064],[-7,-30],[-37,-49],[1,-30],[24,-67],[-37,-18],[-29,53],[-13,-3],[-27,-65],[52,-23],[-24,-35],[-27,2]],[[43086,1775],[-6,-19],[1,-39],[-47,-46],[-5,-28],[-82,8],[-8,-32],[32,-4],[12,-32],[23,-20],[-4,-46],[27,-17],[10,-37],[-30,-50],[10,-37],[-14,-15],[-43,-11],[-32,-57],[-6,-45],[-19,-41],[-48,-77],[-65,-20],[-49,23],[-51,-21],[-6,5]],[[45480,9657],[-94,272]],[[45386,9929],[38,-25],[29,-4],[26,11],[47,-56],[21,-3],[20,-115],[36,-63],[-42,8],[-37,22],[-25,-15],[-19,-32]],[[42997,919],[-114,-21]],[[42883,898],[0,0],[34,9],[9,16],[-39,32],[8,32],[-19,26],[24,10],[-2,24],[-37,25],[-2,48],[45,8],[38,-7],[-13,48],[22,31],[39,-16],[22,-37],[21,9],[50,-65],[-15,-34],[16,-42],[-58,-57],[-31,-19],[2,-20]],[[42807,878],[-46,-70]],[[42761,808],[-3,12],[-59,-15],[-20,23],[-52,23],[0,50],[-11,47],[11,15],[68,17],[1,19],[-22,54],[16,7],[58,-23],[5,-32],[-28,-54],[52,-56],[29,-17],[1,0]],[[42737,773],[-31,-46]],[[42706,727],[-3,24],[17,24],[17,-2]],[[42379,609],[-91,22]],[[42288,631],[43,31],[-11,31],[-60,10],[-14,-11],[-40,9],[5,42],[26,11],[24,-8],[20,30],[-43,5],[20,50],[37,33],[6,-32],[47,-64],[-8,-57],[24,-25],[-3,-30],[27,-35],[-9,-12]],[[43446,2965],[-116,505],[53,375],[-53,105],[-184,144],[-369,-51],[-552,-148],[-369,11],[-137,-113]],[[41719,3793],[-6,4],[-50,-11],[-31,23],[-3,45],[-12,46],[26,29],[68,38],[41,-16],[44,9],[49,47],[39,18],[37,-7],[25,-21],[53,8],[43,-28],[31,6],[53,26],[37,54],[38,22],[29,-24],[51,27],[17,-49],[32,-14],[13,-36],[56,3],[60,36],[42,43],[59,83],[37,75],[29,3],[43,30],[33,-21],[26,-34],[42,7],[49,-35],[64,-11],[60,26],[43,57],[34,62],[15,53],[16,23],[73,-14],[11,-34],[51,0],[23,-23],[20,-41],[-4,-23],[71,-13],[16,12],[38,-23],[5,-29],[20,-30],[29,-9],[17,-45],[34,-32],[6,-35],[41,-45],[-51,-60],[-27,0],[21,-43],[-6,-35],[-20,-45],[-2,-46],[17,-34],[-19,-23],[4,-34],[33,-68],[37,2],[5,-34],[-51,-51],[4,33],[-18,3],[-26,-65],[17,-23],[67,50],[-17,-60],[-22,-39],[-7,-41],[-27,-83],[-2,-54],[10,-22],[14,-75],[36,-30],[6,-75],[-33,-55],[1,-33]],[[41639,3755],[-300,9]],[[41339,3764],[0,8],[35,12],[32,24],[28,47],[22,-12],[55,47],[38,-22],[31,4],[44,-55],[0,-30],[16,-18],[-1,-14]],[[41293,3765],[-69,2]],[[41224,3767],[73,37],[-4,-39]],[[41304,7355],[-44,89]],[[41260,7444],[23,-15],[11,-26],[31,21],[16,11],[32,-33],[-69,-47]],[[39956,7929],[-31,-112]],[[39925,7817],[-9,19],[11,21],[4,43],[-11,25],[36,4]],[[39913,7771],[-10,-34]],[[39903,7737],[-46,0],[-10,23],[66,11]],[[37803,36623],[0,-342],[368,40],[180,-143],[216,227],[-396,346],[-368,-128]],[[38540,9641],[-375,-331],[191,-68],[299,68],[-115,331]],[[45909,20080],[132,159],[-132,278],[-184,139],[-95,-417],[279,-159]],[[44285,15457],[204,228],[-238,25],[-17,-25],[51,-228]],[[45465,17962],[436,0],[-176,137],[-260,-137]],[[46462,17889],[0,169],[-223,-96],[223,-73]],[[39597,7834],[66,35],[77,-3],[40,-13],[-23,-31],[30,-45],[52,2],[-23,-53],[-38,37],[-25,13],[-57,6],[-24,-33],[-37,20],[-58,14],[20,51]],[[43112,4882],[-41,-7],[-4,47],[57,44],[33,3],[25,26],[59,7],[82,-24],[39,38],[41,-13],[29,27],[23,-3],[33,29],[22,-2],[25,-49],[59,-57],[30,-7],[12,-42],[30,-56],[-32,9],[-73,-65],[-22,1],[-30,-20],[-11,39],[-25,51],[-37,7],[-45,-41],[-28,-17],[-25,37],[-77,-17],[-35,10],[-40,-13],[-45,10],[0,20],[-27,9],[-2,19]],[[42966,5537],[-3,56],[-23,51],[-27,26],[-30,-6],[-39,-23],[-11,21],[-43,19],[-15,24],[29,16],[49,46],[16,-6],[32,22],[-11,24],[34,31],[-22,38],[33,0],[50,26],[27,35],[20,-9],[7,-54],[54,-25],[47,-64],[63,-69],[58,-77],[55,-45],[22,2],[74,-33],[24,5],[-9,-79],[9,-77],[-17,-30],[-42,-21],[-18,-27],[38,-8],[48,20],[31,-109],[19,-40],[-63,-34],[-31,33],[-58,-1],[-26,-24],[-6,-36],[-32,-20],[-47,-15],[-41,15],[-37,24],[-40,42],[22,18],[-29,53],[-2,55],[-11,46],[-23,22],[-41,17],[-21,64],[-26,13],[-31,-6],[-11,35],[25,39]],[[27302,46166],[184,-182],[184,-66],[184,-46],[324,-88]],[[28178,45784],[-10,-74],[14,-25],[-1,-29],[-32,-16],[-5,-37],[13,-37],[23,-11],[9,-55],[35,-32],[-28,-31],[14,-43],[29,-25],[53,2],[27,18],[12,22],[23,11],[6,32],[27,10],[-2,30],[25,27],[26,-18],[4,-21],[-27,-15],[-2,-25],[-23,-30],[1,-46],[-19,-9],[-16,-59],[10,-60],[-29,-43],[-3,-55],[-23,-27],[-16,-50],[-48,-48],[-11,-27],[7,-19],[-2,-52],[-10,-48],[-17,-30],[-1,-41],[-11,-91],[-56,-45],[-24,-28],[-33,-4],[-50,-70],[-36,-13],[13,-16],[-28,-66],[-48,-89],[6,-24],[-67,-21],[-24,-43],[-12,-48],[0,-26],[-17,-5],[-38,-60],[-14,-35],[-11,-48],[1,-54],[-7,-22],[-30,-33],[-10,12],[-26,-13],[-58,-89],[-16,-2],[-14,25],[-14,-10],[14,-70],[1,-57],[22,-59],[-4,-24],[29,-56],[6,-22],[40,-83],[40,-28],[27,-30],[64,-46],[44,-20],[33,11],[34,-23],[3,-18],[25,-10],[42,-58],[23,4],[76,-60],[71,-45],[45,-50],[32,-50],[51,-36],[18,-22],[76,-42],[35,-37],[81,-46],[33,-35],[47,2],[45,-38],[2,-49],[15,-54],[12,-21],[9,-57],[24,-55],[33,-27],[5,-18],[44,-23],[24,1],[18,-17],[26,1],[28,-31],[42,-30],[44,-59],[41,-39],[57,9],[56,42],[17,38],[46,-18],[19,1],[31,-19],[-10,-46],[-34,-57],[-4,-19],[-43,7],[6,-31],[21,-3],[8,-31],[23,-24],[21,-37],[3,-34],[-29,-30],[18,-52],[29,-1],[49,64],[4,-25],[63,10],[17,-14],[21,3],[19,-24],[44,-6],[13,19],[-4,25],[50,36],[29,35],[14,-39],[18,3],[54,-72],[44,-33],[44,-14],[47,-25],[61,-47],[53,-14],[43,-76],[23,-27],[5,-19],[27,-22],[45,-26],[26,-7],[26,-27],[20,8],[35,-12],[38,-26],[27,-1],[47,-16],[7,9],[62,-24],[97,-57],[60,-15],[24,-49],[24,-32],[26,-61],[30,-49],[19,-20],[40,-78],[29,-34],[66,-60],[15,-28],[53,-53],[58,-54],[22,-37],[25,-22],[45,-54],[45,-30],[51,-43],[88,-32],[27,-24],[32,-15],[23,7],[47,-7],[69,-52],[28,6],[32,-15],[21,6],[56,-4],[83,11],[24,10],[35,-14],[23,-29],[96,-45],[42,-27],[45,-14],[17,-17],[76,-30],[21,12],[36,-19],[42,2],[26,-7],[47,-31],[-5,-20],[11,-37],[41,-42],[4,-21],[28,-22],[67,-37],[-20,-65],[17,-138],[20,-69],[15,-30],[30,-80],[18,-34],[31,-35],[48,-36],[67,-36],[64,4],[29,-4],[36,-24],[37,-16],[44,-44],[24,-13],[25,-33],[-6,-10],[55,-25],[28,-51],[44,-31],[82,-16],[43,-42],[69,-4],[16,12],[31,-39],[37,-21],[57,-21],[22,-21],[-1,-34],[14,-28],[38,-40],[44,-20],[91,-7],[140,31],[15,-6],[110,26],[85,14],[44,24],[42,34],[17,-11],[67,27],[61,45],[27,7],[52,33],[31,30],[19,28],[48,41],[31,-4],[11,21],[31,32],[71,29],[64,111],[17,55],[8,73],[9,19],[7,86],[14,48],[26,63],[14,103],[-12,76],[13,65],[19,43],[47,44],[34,52],[32,55],[17,51],[2,45],[41,24],[33,34],[53,73],[25,43],[21,55],[14,103],[27,50],[23,19],[28,71],[11,55],[-4,24],[-18,28],[-2,26],[13,17],[26,68],[13,52]],[[34890,41463],[150,63],[553,344],[183,204],[161,251],[126,228],[82,149],[184,291],[184,385],[185,444],[368,28],[184,-194],[185,-28],[184,380],[93,366],[-277,352],[0,140],[184,161],[184,-349],[3,-2]],[[37806,44676],[5,-24],[23,-56],[24,-119],[25,-65],[23,-46],[27,-40],[68,-64],[52,-18],[32,3],[24,-18],[15,15],[28,-4],[43,11],[51,23],[43,32],[39,61],[18,0],[32,46]],[[38378,44413],[24,-39],[222,-227],[181,-228],[123,-228],[75,-455],[15,-455],[75,-452],[10,-231],[21,-684],[250,-227],[193,-228],[263,-181],[166,-274],[-116,-683],[25,-228],[-37,-455],[62,-228],[133,-228],[96,-455],[443,-683],[149,-376],[184,-117],[184,-183],[184,91],[342,50]],[[41645,37009],[23,-5],[1,-27],[30,-36],[31,-13],[37,9]],[[41767,36937],[89,-70],[81,10]],[[41937,36877],[2,-6],[57,-67],[-4,-15],[19,-38],[11,23],[61,-7],[32,-18],[29,8],[16,-21],[43,17],[27,20],[69,-18],[35,3],[26,-13],[39,8],[26,52],[14,-71],[21,-57],[32,-31],[25,-54],[10,0],[23,-55],[25,-129],[24,-3],[16,-48],[-20,-13],[-18,-53],[18,-49],[7,-9]],[[13084,39864],[0,7],[25,14],[10,28],[1,47],[15,62],[4,68],[8,41],[26,18],[-20,36],[-24,27],[-28,75],[-5,90],[21,35],[53,19],[18,-16],[2,-47],[42,-26],[11,21],[46,-39],[25,-29],[17,-61],[39,-63],[28,-14],[26,-24],[14,-34],[32,-8],[-3,54],[-69,79],[-1,36],[-14,85],[-23,55],[-3,22],[37,69],[55,57],[25,21],[13,30],[24,18],[37,12],[-8,33],[-46,-26],[-64,-45],[-29,-5],[-15,-16],[-28,-9],[-32,32],[-16,35],[0,46],[-13,11],[-37,70],[-7,48],[-30,-4],[-53,61],[-11,30],[-59,41],[-12,-8],[-30,15],[-36,-3],[-9,37],[22,12],[36,6],[-10,26],[13,40],[17,-12],[43,62],[-31,22],[-13,-17],[-60,4],[15,-37],[-29,7],[-14,-39],[-13,19],[-7,52],[-24,7],[-14,18],[7,19],[29,1],[16,19],[-2,26],[84,-45],[91,-21],[-10,20],[-62,30],[46,8],[43,-6],[4,17],[-63,46],[-118,46],[40,36],[19,4],[45,-12],[5,-23],[24,-14],[10,11],[52,-18],[27,20],[-7,25],[-26,9],[-34,34],[15,15],[37,-13],[43,6],[-24,52],[-46,36],[-43,3],[-35,-10],[-39,31],[-18,24],[26,9],[33,33],[-26,48],[20,16],[-33,18],[10,40],[48,20],[49,-9],[21,25],[26,-7],[27,-19],[28,23],[42,-28],[25,-45],[6,-28],[-7,-21],[12,-27],[-28,-2],[-33,-31],[41,-18],[35,-46],[23,-16],[16,15],[18,-8],[2,-28],[24,-21],[-12,-21],[-22,-8],[-6,-54],[13,-31],[18,4],[31,26],[-8,13],[5,52],[13,45],[85,-66],[15,7],[-8,41],[-24,25],[-33,51],[47,37],[-26,17],[-17,47],[65,-43],[38,2],[28,-24],[54,2],[45,-13],[64,-48],[-2,-24],[24,-22],[16,-78],[14,-28],[18,-11],[28,15],[16,-8],[67,-5],[9,-33],[-9,-34],[32,6],[29,24],[41,-55],[-8,-28],[18,-23],[-11,-22],[25,-7],[4,50],[46,5],[-40,23],[-19,-8],[-22,29],[-1,63],[-14,15],[-60,-14],[11,53],[47,66],[19,-10],[1,-28],[59,-58],[48,4],[84,-1],[23,-9],[18,1]],[[14335,41320],[71,-46],[184,-46],[475,186],[289,228],[223,228],[125,228],[362,424],[368,415],[558,527],[104,227],[24,456],[-12,455],[-121,159],[-122,-9]],[[16863,44752],[-4,21],[16,38],[-19,54],[8,6],[47,-53],[-1,-37],[19,3],[19,23],[-8,32],[22,6],[7,35],[22,38],[-19,43],[-16,-21],[-31,8],[-9,33],[19,40],[16,-35],[27,2],[4,27],[60,9],[16,-27],[32,28],[25,0],[28,-16],[6,-21],[27,16],[-40,48],[-41,40],[-43,-1],[6,17],[-15,50],[-30,35],[-18,53],[3,27],[-22,25],[71,22],[38,-14],[-6,-34],[37,19],[-3,60],[34,12],[54,-40],[7,46]],[[17208,45369],[33,3]],[[17241,45372],[32,-36],[2,-25],[40,-31],[-5,-32],[30,16],[16,-15],[-12,-32],[16,-5],[18,19],[13,-28],[-14,-64],[41,18],[5,-89],[9,-28],[39,-27],[3,35],[13,37],[34,-10],[5,-19],[42,12],[15,55],[33,8],[23,-25],[8,-22],[31,-41],[25,-5],[16,22],[-27,30],[-2,18],[28,16],[47,-46],[13,-4],[21,-34],[32,-16],[32,-34],[2,-16],[-22,-30],[13,-15],[-13,-29],[50,-17],[59,-34],[-2,-18],[26,-8],[50,-63],[19,5],[41,-55],[29,-19],[-2,-33],[21,-9],[5,-38],[26,-18],[47,-62],[17,-10],[20,-45],[11,-83],[19,7],[11,-25],[20,-5],[-11,-57],[16,-17],[10,-28],[16,-25],[32,24],[9,-30],[17,-19],[34,1],[18,-30],[-15,-52],[20,-16],[18,-35],[46,31],[19,-1],[22,-20],[44,-56],[-3,-40],[25,1],[54,-27],[20,-30],[11,-32],[34,-15],[16,12],[21,-6],[2,-67],[-19,26],[-20,-10],[-11,-69],[21,-72],[-42,-5],[-48,-32],[25,-14],[-19,-47],[-20,-69],[8,-27],[-1,-43],[-17,-29],[-6,-47],[10,-33],[-28,-35],[-6,-29],[10,-31],[2,-42],[17,-17],[-8,-35],[-1,-40],[-10,-70],[12,-27],[-33,-49],[2,-38],[23,-44],[4,-37],[-15,-66],[-26,-60],[-23,-19],[20,-19],[41,33],[39,93],[7,61],[4,127],[-18,53],[-3,73],[20,38],[21,-25],[24,-12],[33,-35],[26,-45],[52,-63],[2,-21],[32,-45],[-5,-23],[6,-54],[17,-59],[11,38],[-12,14],[-4,60],[10,64],[-27,62],[-48,47],[-23,67],[4,58],[-3,52],[-33,52],[11,58],[33,88],[41,26],[32,13],[9,59],[31,7],[7,-65],[18,-50],[25,-90],[9,11],[-13,60],[0,37],[-10,34],[4,42],[2,90],[15,-6],[23,-48],[39,-44],[8,-35],[28,-43],[9,9],[-22,33],[-28,91],[13,41],[19,-40],[40,-65],[-5,46],[9,22],[-47,91],[-27,28],[-45,26],[16,18],[30,10],[24,-20],[83,45],[53,16],[34,-33],[33,-18],[15,24],[96,-17],[34,-28],[22,-32],[19,5],[55,-14],[43,-21],[32,-4],[61,8],[72,-33],[41,-2],[37,-11],[15,-23],[27,16],[32,-23],[26,-43],[-3,-40],[25,18],[27,-27],[44,-30],[-10,-54],[-13,-21],[-1,-23],[24,-73],[15,-33],[-33,-42],[1,-26],[-22,-30],[17,-15],[28,60],[27,5],[28,36],[-4,31],[15,20],[-13,42],[18,18],[18,35],[-36,29],[3,34]],[[20042,43477],[75,-68],[184,-184],[154,132]],[[20455,43357],[35,-57],[-7,-38],[-47,-34],[63,3],[18,23],[38,-2],[17,-14],[18,27],[-40,48],[-14,31],[0,57],[-6,16]],[[20530,43417],[139,106],[185,172],[368,224],[369,191],[184,106],[184,83],[184,88],[185,89],[184,127],[580,-1],[341,63],[553,331],[184,157],[737,607],[368,206],[5,2],[364,227],[737,330],[368,-35],[369,-184],[184,-140]],[[43759,35759],[-156,-265],[-89,-265],[-117,-190],[78,-455],[35,-456],[188,-312],[369,-12],[132,-131],[605,-845],[150,-46]],[[44954,32782],[-6,-58],[32,-90],[13,-9],[5,-65],[18,-71],[35,-47],[-5,-31],[34,-23],[34,-50],[7,-39],[42,12],[26,-14],[22,13],[41,-40],[-21,-17],[-2,-25]],[[42795,36122],[10,15],[-10,63],[-22,22],[0,19],[17,53],[-7,23],[85,-2],[27,-28],[6,-87],[14,-90],[29,-50],[34,-40],[31,-22],[77,-9],[20,17],[12,30],[69,10],[17,-58],[20,-25],[63,-25],[29,19],[43,-22],[19,-37],[34,0],[3,-45],[-26,-8],[-23,-29],[11,-25],[57,-36],[-8,-32],[31,-17],[22,-39],[23,-6],[3,-19],[58,-16],[48,-5],[24,34],[15,1],[9,27],[-30,22],[-3,57],[14,22],[27,-8],[33,-39],[35,-5],[23,32],[1,-5]],[[45270,32239],[6,22],[33,-3],[5,-7]],[[46397,31997],[-119,-186],[0,-376],[184,-114],[32,31]],[[46494,31352],[-9,-134],[-20,-57],[-2,-47],[15,-9],[14,-35],[22,4],[1,-58],[-5,-12],[22,-33],[12,13],[16,-51],[-6,-31],[-48,-53],[8,-18],[0,-50],[28,-93],[24,-40],[45,-57],[-13,-33],[-13,-7],[-56,8],[5,-25],[46,-28],[41,-9],[8,-48],[58,44],[32,-13],[-1,-71],[16,14],[3,52],[65,-23],[4,-32],[17,-49],[35,-23],[29,-27],[32,-21],[15,-35],[-11,-23],[27,-20],[15,-36],[-19,-31],[28,-11],[-3,-32],[10,-29],[26,-15],[45,14],[27,-25],[23,-5],[12,-31],[48,-6],[18,-71],[26,-45],[60,-46],[28,-32],[10,-57],[-13,-32],[22,-22],[16,19],[27,5],[-44,44],[-5,33],[36,-1],[42,-28],[52,-24],[-45,-17],[25,-36],[-2,-39],[36,2],[5,50],[23,14],[43,4],[31,-40],[31,-22],[7,49],[-9,21],[-30,28],[-30,19],[-3,43],[44,1],[33,-17],[19,-25],[46,-36],[23,-3],[3,28],[26,-11],[-1,-60],[25,-95],[21,-35],[32,-32],[63,-13],[72,-93],[16,-77],[17,-49],[19,-83],[30,-96],[43,-94],[29,-37],[40,-76],[68,-88],[39,-30],[17,-3],[35,-29],[26,-34],[61,-45],[66,-25],[30,15],[44,-41],[10,-26],[42,-41],[34,-85],[11,-95],[-7,-50],[6,-40],[26,-61],[34,-61],[25,-62],[31,-37],[58,-39],[-22,-33],[-46,10],[-10,-23],[31,-8],[25,6],[32,-54],[33,-41],[73,-32],[51,-3],[45,9],[10,30],[17,-7],[7,-42],[24,-11],[62,0],[14,-16],[-16,-32],[7,-44],[13,-32],[-10,-19],[8,-34],[-25,-52],[-33,-20],[-18,-39],[14,-22],[15,30],[23,17],[28,4],[18,33],[25,-18],[-10,-27],[-25,-13],[-32,-39],[11,-47],[-8,-23],[-36,-27],[6,-25],[-1,-58],[18,-6],[11,-44],[-5,-18],[13,-26],[-18,-21],[26,-23]],[[49120,27214],[-79,-319],[-62,-281],[-60,-227],[-62,-474],[0,-578],[184,-306],[258,34]],[[49299,25063],[-37,-86],[26,-25],[47,-15],[32,21],[3,-62],[-12,-45],[-35,-3],[-19,-30],[7,-47],[16,-29],[69,-42],[22,-4],[0,-43],[40,71],[16,-11],[-28,-50],[-11,-48],[6,-35],[27,-51],[31,-14],[46,0],[1,-47],[35,0],[-14,-40],[15,-31],[12,-3]],[[49594,24394],[-1,-512],[-73,-228],[-295,-423],[-51,-32],[56,-228],[180,-391],[35,-64],[-3,-683],[24,-456],[-93,-455],[-332,-242],[-274,14],[-118,0],[-130,-227],[-60,-683],[183,-228],[215,-97],[252,-131],[-68,-312],[-368,18],[-369,-201],[-182,-188],[-72,-228],[76,-227],[547,-361],[7,-203]],[[48680,17626],[-15,-22],[5,-57],[-30,-38],[-17,-44],[-2,-18]],[[48621,17447],[-317,-298],[-186,-98],[-117,-410]],[[48001,16641],[-2,0],[-35,18],[-23,-26],[30,-46],[-44,-19],[20,-25],[28,8]],[[47975,16551],[-36,-126]],[[47939,16425],[-1,-1],[-86,-41],[-88,-58],[-20,-23],[-1,56],[32,39],[-13,16],[-44,-7],[-5,-41],[18,-46],[-16,-28],[2,-36],[25,0],[-67,-58],[-13,-23],[2,-50],[-65,-52],[-22,-45],[-18,-8],[18,67],[-30,11],[-5,53],[-55,-3],[27,-42],[-19,-5],[-11,-66],[-44,8],[-16,-32],[-29,-12],[5,-17],[30,1],[11,19],[22,-13],[-4,-28],[-30,1],[-23,-25],[12,-37],[19,4],[21,-25],[10,32],[-20,9],[39,30],[4,-36],[21,4],[16,71],[40,12],[-7,-68],[-15,-19],[3,-37],[-7,-15]],[[47542,15861],[-84,-80]],[[47458,15781],[31,44],[-14,18],[-30,-57],[-53,2],[14,-44],[-26,-2],[-13,-29],[-56,-42],[-2,-30]],[[47309,15641],[-110,-104],[0,-61]],[[47199,15476],[-22,2],[-23,-36],[28,-39],[12,-34],[-33,-27],[-21,-47],[-30,9],[-24,-29],[-15,22],[12,27],[-18,22],[-38,3],[-69,53],[15,31],[-30,-2],[17,-48],[-8,-62],[35,33],[11,-26],[40,-10],[15,-30],[36,-43],[46,27],[16,-10],[-44,-84],[26,-37],[36,72],[18,-17],[-36,-94],[-16,-30],[5,-42],[-17,-96],[20,-18],[-5,-26],[-48,13],[0,-35],[-21,-13],[-47,-3],[-39,32],[-8,-24],[-69,9],[3,-26],[47,19],[14,-19],[27,6],[99,-31],[-2,30],[22,20],[4,-81],[-19,-14],[-15,-31],[-1,-46],[10,-12],[-19,-59],[-25,28],[-34,13],[-4,21],[-37,12],[-13,-15],[-10,-53],[-30,-31],[15,-34],[28,15],[45,10],[2,16],[37,9],[-4,-46],[-33,-11],[-16,11],[-25,-10],[-13,-21],[2,-38],[19,-10],[-61,-80],[-94,-71],[-64,-64],[-83,-141],[-7,-49],[12,-26],[-28,-37],[0,-43],[-9,-63],[18,-16],[-6,-27],[-29,-29],[-36,42],[-31,-9],[-20,-18],[-2,-48],[-22,-32],[45,-3],[6,22],[41,-4],[-2,-42],[19,-51],[-34,-12],[7,-22],[-3,-17]],[[46597,13651],[-135,96],[-240,-111],[240,-299],[2,-1]],[[46464,13336],[-2,-11],[2,-54],[36,-65],[-6,-25],[11,-56],[16,-26],[28,-17],[35,4],[-18,-47],[10,-12],[-12,-36],[-32,-29],[-41,44],[14,52],[-17,13],[5,29],[-18,16],[-24,1],[-66,-39],[-18,-26],[2,-41],[18,-16],[8,-60],[8,-17],[-50,8],[-1,-12],[-41,-37],[-24,9],[-16,-61],[-27,-13],[-40,-36],[-11,-24],[13,-20],[-76,-67],[-9,-41],[5,-46],[13,-29],[-48,-43],[-3,-20],[-31,-25],[-36,-68],[2,-54],[19,-38],[-20,-12],[-19,-53],[-14,2],[-32,-52],[-20,-13],[9,-25],[-37,-26],[1,-54],[-47,-58],[-41,28],[-37,-25],[22,-40],[-6,-22],[28,-23],[3,-18],[-15,-63],[-47,-7],[-10,-31],[-35,-57],[10,-27],[3,-70],[-11,-36],[11,-53],[-14,-23],[-20,-82],[6,-22],[-14,-48],[-2,-45],[11,-11],[-2,-60],[18,-50],[-1,-45],[-18,-32],[0,-42],[-36,-36],[-23,-35],[-20,-54],[4,-35],[18,-12],[-13,-42],[-21,-35],[6,-40],[-8,-46],[13,-16],[-13,-38],[-41,-81],[-48,-114],[-3,-66]],[[45445,32286],[-11,27],[17,2],[3,32],[-18,11],[4,61],[17,33],[15,67],[25,55],[28,16],[22,31],[24,-6],[13,27],[33,-13],[24,-22],[8,-46],[27,-77],[51,-40],[7,-69],[43,-31],[-16,-23],[-2,-30],[27,-15],[27,-30],[94,-25],[2,-17],[28,-14],[14,-22],[85,-60],[2,-24],[24,-3],[27,-36],[31,-6],[38,-17],[52,-36],[27,-9],[31,4],[-30,63],[2,28],[-20,29],[4,13],[-28,41],[8,68],[-8,36],[8,47],[32,52],[25,-20],[49,-4],[24,-23],[-10,-53],[25,-49],[14,20],[-23,49],[36,7],[9,-75],[20,-39],[53,-10],[15,-34],[-23,-8],[-13,-22],[-3,-39],[-35,11],[-16,22],[-35,6],[21,-68],[22,-31],[6,-1]],[[45385,9931],[-1,-1],[2,-1]],[[45480,9657],[-9,-17],[28,-38],[8,-32],[-28,-70],[11,-78],[21,-31],[1,-89],[-74,-41],[-12,-16],[-47,3],[-56,-6],[-50,-16],[-20,-28],[-32,-17],[-24,-38],[-17,-51],[-21,-22],[-18,-42],[-71,-23],[-27,-39],[-21,5],[-37,-9],[-62,-38],[-3,-22],[-199,-15],[-78,-22],[-21,17],[-157,7],[-96,-4],[-147,-3],[-45,-8],[-99,1],[-73,-16],[-29,-18],[-26,10],[-38,0],[-59,-9],[-18,7],[-185,3],[-79,-2]],[[41246,7503],[-12,4],[-33,-22],[-28,11],[-31,-17],[-14,-25],[-28,4],[-4,52],[-37,19],[-25,-22],[-47,-12],[-30,11],[-19,-11],[-26,9],[-6,-25],[-36,-18],[-14,-39],[46,-52],[6,-35],[15,-16],[31,9],[7,-83],[19,-9],[7,-58],[39,1],[15,35],[40,31],[59,17],[5,58],[18,22],[3,26],[38,-4],[12,-27],[-10,-48],[5,-18],[-8,-46],[23,-30],[1,-20],[-31,-37],[-32,-74],[12,-28],[-1,-30],[29,-8],[11,-32],[-58,-33],[-6,-28],[14,-14],[-20,-49],[-65,-13],[-19,13],[-34,48],[22,52],[-20,28],[-65,69],[-7,36],[-42,81],[-61,75],[-75,57],[-73,30],[-38,-2],[-29,-20],[-14,-48],[11,-28],[-34,-28],[-40,-1],[-34,-17],[-4,53],[-54,140],[-47,77],[-49,63],[-38,35],[-39,25],[-53,-7],[-38,-37],[-36,6],[-25,-9],[-52,38],[-27,54],[-60,83],[-24,19],[-29,4],[-33,18],[-17,1]],[[39913,7771],[1,0],[19,31],[-8,15]],[[39956,7929],[35,4],[10,-12],[36,2],[20,24],[21,65],[-12,26],[-33,2],[8,57],[-19,24]],[[11396,39382],[0,6],[-19,26],[-11,91],[-11,29],[-16,14],[-10,29],[3,36],[-6,73],[9,12],[0,190],[18,40],[10,100],[19,36],[17,-9],[30,90],[18,27],[46,34],[-33,27],[5,24],[34,52],[25,27],[50,26],[31,54],[-8,11],[75,61],[29,10],[33,-35],[13,60],[-10,45],[52,-39],[12,-23],[27,-18],[49,8],[-26,39],[-1,40],[-24,35],[2,22],[-18,22],[1,30],[31,2],[10,11],[-22,26],[30,39],[4,25],[36,-3],[17,-49],[17,-5],[34,10],[34,26],[26,-13],[28,17],[25,43],[39,-26],[12,6],[38,-40],[-11,49],[-17,5],[-20,25],[-19,-3],[-15,39],[-24,15],[-2,26],[34,76],[13,82],[13,18],[65,27],[31,60],[34,15],[11,22],[-9,33],[2,35],[23,45],[8,33],[26,-19],[34,10],[14,19],[45,27],[10,-29],[-15,-38],[23,-41],[24,-11],[-15,-26],[-28,0],[-13,12],[-33,-19],[15,-19],[-5,-26],[-19,-31],[29,-18],[-37,-52],[-14,-41],[32,-8],[12,-39],[26,11],[28,-14],[-7,-38],[10,-14],[-3,-31],[15,-23],[38,3],[15,-29],[26,-9],[27,19],[10,-10],[-14,-44],[-18,8],[-19,-20],[9,-59],[29,-10],[29,-26],[4,-83],[-13,-39],[-3,-49],[25,-7],[82,-70],[7,-24],[46,-74],[15,-110],[13,-12],[53,-71],[21,-67],[32,-65],[7,-39],[-1,-62],[19,-15],[21,1],[22,-30],[20,-8],[24,-55]],[[38129,7686],[-20,-11],[-36,-31],[-15,-44],[-20,-14],[-60,-66],[-7,-21],[-32,0],[-154,-65],[-17,-20],[-12,-52],[-56,-19],[-39,-52],[-35,-38],[-55,-4],[-56,72],[-47,42],[-20,-1],[-66,44],[-66,6],[-56,-31],[-46,16],[-46,43],[-74,83],[-63,45],[-61,32],[-42,7],[-53,-4],[-52,21],[-50,7],[-10,21],[-56,31],[-36,13],[-71,64],[-24,16],[-66,57]],[[34970,8055],[-7,22],[-37,57],[-104,109],[-55,49],[-54,39],[-12,8]],[[6479,13082],[-4,-13],[-20,15],[-2,5]],[[6348,13120],[-34,-14],[-14,-24],[-50,-3],[-12,10],[-47,-4],[22,53],[0,21]],[[6174,13170],[-2,-35],[-34,-56],[1,-29],[-75,13],[-13,-27],[7,-17],[31,-14],[37,-29],[32,11],[5,-17],[49,-12],[-31,-39],[-75,4],[-32,16],[-43,39],[-98,48],[-94,11],[-36,-24],[7,-33],[-18,-10],[-11,-36],[8,-18],[-25,-13],[-9,25],[-57,44],[-44,20],[-39,-24],[-15,23],[-70,46],[-76,38],[4,26],[40,-8],[39,-22],[32,8],[30,31],[-13,36],[-17,9],[-42,-27],[-20,17],[-44,6],[-14,-32],[-27,-8],[-12,-30],[-3,-43],[-48,28],[-25,7],[-21,-12],[-51,18],[-28,-3],[-25,-16],[-1,-23],[-18,-18],[-57,35],[-40,-7],[-42,19],[-27,-7],[-56,16],[-40,-26],[-11,-41],[-49,24],[-32,-5],[-34,12],[-21,24],[-46,18],[-45,-14],[-9,-23],[-30,17],[-61,-34],[-36,8],[-29,22],[-17,-3],[-72,44],[-39,-7],[-28,7],[-62,54],[-60,36],[-131,91],[-55,25],[-38,8],[-77,29],[-46,-8],[-85,19],[-31,-6],[3,34],[-22,47],[-33,40],[-7,51],[-106,123],[-83,91],[-80,82],[-80,77],[-97,79],[-39,22],[-20,-1],[-28,29],[-42,18],[-40,36],[-44,29],[-59,30],[-67,17],[-64,7],[-55,-5],[-61,-17],[-4,30],[28,17],[-24,17],[-13,-26],[3,-24],[13,-22],[-4,-39],[-14,-26],[-23,-1],[-31,55],[-106,117],[8,29],[-10,22],[18,33],[-24,94],[-34,57],[15,31],[-8,20],[4,80],[-26,82],[15,13],[-11,110],[-5,16],[19,32],[7,83],[-14,48],[5,14],[-22,77],[19,10],[11,39],[3,3]],[[41293,3765],[0,-4],[18,-10],[19,-40],[-11,-14],[16,-34],[22,4],[-13,43],[-5,54]],[[41639,3755],[-1,-16],[27,-9],[41,39],[56,-30],[-28,-58],[41,-36],[22,-44],[32,-19],[-11,-35],[6,-23],[38,-15],[30,-36],[21,-1],[-3,38],[-54,7],[-26,26],[45,34],[-31,41],[-54,31],[-3,32],[-23,31],[26,17],[-71,64]],[[43446,2965],[1,-20],[-13,-39],[0,-7]],[[42174,799],[-1,0],[-11,-51],[-12,-21],[0,-35],[17,-19],[9,-40],[-25,-75],[-30,-24],[-41,7],[-18,-10],[-31,27],[2,23],[-26,11],[-27,-5],[-11,40],[29,15],[-27,43],[-47,-59],[-32,16],[-23,30],[-26,1],[34,115],[5,55],[-48,-82],[-13,-108],[31,-8],[12,-19],[58,-42],[29,-35],[25,-14],[-23,-23],[-12,-43],[-33,18],[-47,-18],[60,-51],[-3,-24],[-23,-22],[-23,-50],[17,-23],[-62,6],[-17,-26],[42,-20],[-65,-23],[-9,-20],[22,-62],[-43,-5],[-21,18],[-18,-47],[5,-45],[27,16],[10,-40],[-72,-50],[-32,-1],[-4,22],[-38,24],[-18,-2]],[[41596,44],[156,386],[-130,455],[-134,452],[-93,231],[-193,456],[77,455],[393,222],[-125,233],[-437,228],[-168,228],[-191,169],[-369,233],[-184,107],[-184,147],[-222,27],[-246,0],[-269,-54],[-254,-322]],[[39023,3697],[-3,15],[-22,43],[-3,34],[7,71],[-20,56],[-25,18],[-28,49],[17,13],[2,64],[-23,34],[44,25],[11,23],[34,-2],[34,79],[-2,30],[-18,34],[11,24],[1,65],[-25,9],[-10,44],[23,45],[-15,14],[9,24],[44,11],[17,-23],[0,-39],[119,-37],[11,-27],[41,-16],[68,-9],[41,8],[31,-8],[27,-49],[44,1],[19,-29],[77,-20],[36,7],[13,16],[68,8],[39,-10],[11,26],[3,45],[-22,56],[54,-27],[-9,-41],[-19,-35],[-5,-32],[87,-59],[53,0],[56,-27],[52,-5],[36,17],[25,-22],[4,-22],[46,-42],[23,4],[21,-17],[68,-23],[37,2],[62,-14],[-10,-32],[22,-32],[32,-11],[20,-28],[41,-27],[40,-11],[32,3],[40,-15],[4,-18],[53,-5],[53,-21],[13,-14],[83,-44],[52,-8],[13,-23],[45,-22],[41,-2],[40,-11],[28,11],[24,-10],[99,-5],[11,-24],[74,23],[46,3],[28,14]],[[42737,773],[16,-2],[11,24],[-3,13]],[[42807,878],[82,-9],[-6,29]],[[42997,919],[1,-4],[29,-16],[1,-34],[35,-110],[1,-32],[-23,-40],[3,-22],[26,-40],[-48,13],[-4,31],[-62,10],[-2,60],[-27,27],[-32,-36],[20,-15],[-11,-26],[-60,-45],[-4,-41],[-24,11],[-4,25],[-83,37],[-20,35],[-3,20]],[[42379,609],[-10,-14],[-31,-7],[-49,-34],[-29,-38],[-10,-27],[2,-57],[31,-31],[24,28],[16,-17],[-1,-44],[-38,-22],[-7,-41],[-19,-27],[-8,-38],[8,-34],[-32,-20],[-26,9],[-46,56],[16,18],[-17,46],[-18,20],[-30,-9],[0,-46],[-27,-63],[-56,8],[1,40],[-54,59],[31,9],[44,-69],[34,4],[-8,28],[1,65],[6,34],[67,17],[-15,33],[24,19],[1,28],[35,20],[0,27],[33,7],[11,-31],[33,14],[26,35],[2,43],[-13,19],[7,5]],[[41304,7355],[-6,-5],[-63,25],[-36,52],[8,17],[43,6],[10,-6]],[[40751,9404],[-185,87],[-350,-181],[-93,-228],[75,-345],[184,-103],[624,220],[-54,456],[-201,94]],[[42225,10666],[-553,-137],[-215,-81],[47,-227],[295,-228],[241,-120],[189,120],[192,455],[-196,218]],[[43514,11583],[-160,-224],[-6,-455],[166,-259],[226,486],[19,683],[-245,-231]],[[28698,45426],[11,-21]],[[28709,45405],[2,-13],[-16,-17],[-16,6],[10,-84],[-24,11],[-6,-71],[-17,-23],[-44,-15],[-9,13],[16,36],[-23,54],[-2,27],[-19,5],[-26,-16],[-3,-16],[20,-47],[0,-22],[-48,-2],[-28,33],[18,41],[-13,36],[3,49],[17,-3],[43,-27],[22,13],[-6,21],[6,39],[14,12],[0,37],[43,11],[31,-19],[31,-46],[13,-2]],[[28879,45135],[81,-111],[0,207]],[[28960,45231],[24,13],[8,18],[-4,31],[23,11],[-3,-40],[19,-9],[24,17],[33,4],[-9,29],[46,-3],[1,33],[-22,10],[-3,43],[-27,11],[0,62],[26,2],[36,-31],[45,9],[17,52],[40,9],[10,-44],[-15,-41],[-45,-26],[9,-51],[9,-16],[30,-6],[-11,-26],[20,-36],[-6,-33],[36,13],[15,-13],[52,-23],[38,25],[8,40],[-16,17],[15,81],[33,-12],[21,4],[21,-15],[10,-39],[-2,-27],[-34,-54],[-32,-76],[-1,-27],[-55,10],[-27,-18],[-27,-63],[-8,-68],[19,-34],[34,7],[1,-26],[-52,-11],[-21,-37],[-18,4],[-40,-68],[4,-42],[13,-22],[-11,-18],[22,-33],[38,0],[12,-15],[27,5],[-12,26],[15,36],[19,2],[52,-55],[11,-32],[32,-2],[19,13],[26,59],[33,7],[23,-12],[-13,-44],[-23,-15],[23,-58],[-13,-21],[7,-31],[-15,-32],[-35,18],[-16,-30],[-20,5],[-28,37],[-19,-17],[-12,18],[-57,26],[-52,2],[-72,-40],[-35,-14],[-22,14],[-12,32],[-106,15],[-20,31],[-38,-5],[-45,30],[-22,33],[-51,-9],[-48,-27],[-37,-36],[-3,46],[91,54],[23,22],[2,27],[30,46],[-17,36],[0,23],[-14,31],[5,14],[-8,48],[2,36],[-11,23],[16,39],[16,78]],[[32698,41342],[77,-11]],[[32775,41331],[16,-26],[38,-41],[32,-2],[27,-43],[2,-48],[14,-33],[-30,-4],[-6,22],[-30,1],[-77,-54],[-19,41],[-3,41],[-43,21],[-18,-44],[-34,1],[-26,-24],[9,-16],[32,-1],[6,-19],[-26,-8],[-26,5],[-11,-108],[-28,-1],[11,-55],[-43,-10],[-11,41],[-18,12],[-29,-51],[-8,-30],[-15,2],[-32,-32],[-14,-31],[-31,-7],[-29,14],[-43,-10],[-14,34],[-22,4],[-6,69],[-40,-6],[-15,48],[13,37],[58,55],[10,20],[2,37],[29,26],[0,21],[60,40],[24,27],[29,-8],[37,21],[29,0],[41,12],[55,-2],[30,27],[48,23],[18,23]],[[49583,28386],[-89,-178],[-138,-227],[-68,-196]],[[49288,27785],[-1,14],[-12,65],[9,30],[-9,49],[-29,-9],[-24,7],[3,27],[38,50],[49,28],[72,67],[42,49],[42,68],[39,83],[5,81],[-11,28],[-58,106],[-26,26],[-40,28],[74,100],[35,33],[46,28],[21,-3],[-8,-171],[1,-59],[12,-64],[17,-48],[8,-12]],[[49252,27683],[-40,-117]],[[49212,27566],[-3,36],[26,57],[17,24]],[[49185,27475],[-22,-87]],[[49163,27388],[-5,6],[7,52],[20,29]],[[49445,25099],[31,17]],[[49476,25116],[-7,-14],[-24,-3]],[[47199,15437],[0,-33]],[[47199,15404],[-9,6],[9,27]],[[47199,15379],[0,-10]],[[47199,15369],[-4,4],[4,6]],[[47199,15327],[0,-5]],[[47199,15322],[-2,-1],[2,6]],[[13694,41783],[4,-3]],[[13698,41780],[-4,1],[0,2]],[[14101,41472],[74,-48]],[[14175,41424],[-11,-16],[-28,-7],[-28,12],[-13,30],[6,29]],[[14188,41415],[13,-8]],[[14201,41407],[-4,-2],[-9,10]],[[16769,44745],[-291,-20]],[[16478,44725],[-20,23],[-25,19],[16,35],[1,32],[37,2],[-4,77],[54,-3],[14,49],[31,5],[6,22],[20,1],[19,-15],[34,17],[22,45],[13,5],[20,33],[13,-32],[-43,-73],[-15,5],[-14,-62],[-36,-44],[2,-35],[18,-9],[27,10],[9,-48],[34,-39],[13,13],[39,12],[7,-23],[-1,-2]],[[16324,44804],[-199,151]],[[16125,44955],[-15,28],[4,24],[30,-7],[11,-64],[18,12],[9,36],[-41,84],[4,25],[25,9],[58,-31],[1,34],[33,-8],[-25,-54],[22,-13],[-10,-63],[42,-4],[16,10],[33,-34],[-9,-22],[-36,-5],[-27,-33],[28,-1],[39,-66],[-11,-8]],[[47337,17734],[46,-369],[337,142],[-383,227]],[[25902,48226],[-7,-4]],[[25895,48222],[1,2],[6,2]],[[25725,48184],[-450,-4],[-150,65],[-178,179]],[[24947,48424],[36,4],[44,37],[46,17],[18,-11],[4,-27],[-15,-12],[-30,3],[-11,-22],[4,-30],[13,-18],[60,17],[21,15],[17,26],[15,-40],[-9,-29],[38,6],[29,-43],[23,32],[27,0],[40,32],[-2,-78],[-10,-15],[6,-33],[-20,-30],[17,-12],[14,51],[31,45],[51,-4],[-1,-44],[33,4],[10,17],[31,10],[-1,20],[34,34],[59,1],[42,31],[6,33],[20,23],[34,-6],[18,10],[24,-43],[55,-5],[22,15],[7,-36],[-23,-26],[-6,-30],[-13,-11],[-34,10],[-19,-11],[-30,-42],[25,-60],[19,4],[9,-19]],[[47110,30293],[11,-11],[10,-47],[7,-60],[-17,-22],[-5,-37],[-20,20],[-24,1],[-26,-29],[-12,2],[-36,41],[-54,117],[-27,48],[-29,6],[-5,16],[-57,39],[-17,77],[-24,26],[-23,58],[-5,53],[24,6],[11,37],[30,-7],[21,12],[50,-60],[27,-4],[44,-29],[50,-1],[44,26],[1,-57],[-13,-53],[0,-66],[14,-19],[3,-32],[20,-30],[21,0],[6,-21]],[[47216,30017],[-3,51],[-31,0],[-13,75],[59,-56],[25,-79],[-17,-24],[-20,33]],[[16727,45137],[-33,-14],[-14,31],[10,26],[48,-3],[56,-41],[-67,1]],[[38232,5412],[-26,-35],[-47,-11],[-24,-27],[-15,10],[-36,-28],[-35,-10],[-22,20],[-8,36],[-21,53],[38,13],[-5,46],[4,57],[-12,28],[-42,40],[-12,59],[31,69],[9,39],[-3,47],[-18,57],[5,38],[-7,41],[54,21],[42,53],[9,36],[-11,40],[2,30],[38,9],[115,-60],[29,-35],[41,-31],[-10,-102],[5,-62],[9,-34],[20,-34],[-27,-71],[6,-68],[30,-17],[-4,-82],[-20,-60],[-19,-16],[3,-25],[-41,-10],[-25,-24]],[[39238,4416],[8,24],[-2,47],[47,44],[10,34],[29,-40],[36,0],[52,-45],[36,-12],[24,-34],[-23,-9],[-21,18],[-35,-9],[-28,6],[-47,-36],[-38,-10],[-30,4],[-18,18]],[[29511,42346],[-7,15],[-9,66],[30,65],[12,-4],[38,33],[-10,56],[33,-16],[15,-59],[35,-10],[26,-37],[-5,-27],[9,-47],[-8,-34],[16,-48],[18,-8],[-11,-57],[-16,-25],[-36,-22],[-19,10],[5,32],[-9,22],[-24,-10],[-32,39],[-15,70],[-36,26],[0,-30]],[[20530,43417],[-19,49],[4,65],[-19,12],[-23,-22],[-8,31],[-45,94],[-13,17],[-7,38],[-37,62],[7,22],[34,-28],[51,-75],[20,-53],[32,15],[-1,18],[-36,42],[-17,53],[7,13],[52,-47],[13,-22],[32,11],[32,-18],[72,-3],[21,9],[49,-21],[53,23],[4,21],[38,33],[31,52],[-23,4],[-34,-23],[-43,-49],[-45,-14],[-33,4],[-5,33],[24,8],[23,31],[-71,-25],[-30,23],[-37,18],[-17,17],[-1,45],[-25,16],[-33,56],[-25,6],[-20,51],[5,41],[57,4],[75,-2],[30,43],[30,8],[38,44],[-9,10],[-79,-31],[-39,-25],[-72,19],[-54,8],[-13,16],[-42,8],[-9,25],[-32,43],[-18,12],[-28,-15],[-1,33],[-20,8],[-19,27],[-14,40],[-28,19],[-35,2],[6,55],[16,42],[-8,23],[33,35],[25,52],[-6,71],[16,5],[62,86],[25,68],[11,44],[-5,63],[20,-15],[24,20],[10,-50],[-14,-36],[-1,-31],[33,-12],[-3,36],[6,35],[15,21],[29,-15],[21,58],[-25,30],[5,11],[40,-30],[33,5],[78,42],[34,61],[1,84],[-15,33],[-24,7],[9,69],[21,32],[28,23],[38,50],[-10,23],[7,53],[-9,13],[8,80],[35,94],[8,36]],[[20762,45617],[276,-100],[368,46],[369,127],[184,148],[221,358],[571,1366],[1,30]],[[22752,47592],[33,-5],[83,7],[76,-6],[98,-2],[11,6],[78,10],[94,44],[50,43],[25,2],[30,-44],[2,-18],[26,-26],[101,-36],[60,-10],[2,19],[73,48],[30,32],[22,40],[17,1],[48,29],[7,24],[37,2],[3,-42],[17,-33],[68,35],[24,4],[44,-57],[34,21],[-1,32],[34,85],[48,12],[57,33],[42,35],[17,-20],[63,29],[-13,103],[25,112],[13,131],[-16,57],[-21,20],[-33,8],[-14,23],[20,30],[25,11],[8,21],[26,29],[-24,6],[-40,-9],[-67,18],[-22,44],[-21,9],[-3,53],[6,17],[65,-1],[17,-25],[30,0],[-1,20],[-59,47],[-15,43],[12,6],[11,34],[-37,17],[8,34],[-22,3],[-17,17],[-1,29],[-30,18],[-16,28],[-41,10],[-32,-4],[-57,21],[-63,-37],[-81,15],[-33,-21],[-20,-32],[-27,1],[-28,-20],[-5,-21],[-49,-22],[-33,2],[-16,10],[-12,39],[-18,10],[-13,45],[22,3],[14,36],[-22,22],[-38,-15],[-31,13],[0,31],[-30,-13],[-26,21],[24,24],[7,58],[-60,-21],[12,30],[-33,37],[-35,25],[-21,1],[-18,-29],[-60,-14],[-25,0],[-14,33],[50,6],[13,49],[19,-21],[31,-4],[7,13],[-34,62],[28,29],[21,-9],[12,52],[29,-16],[3,-30],[33,-43],[41,-2],[27,39],[-31,62],[26,-3],[7,36],[-15,24],[6,16],[27,4],[18,-27],[22,-68],[16,-15],[22,14],[24,-62],[35,-3],[-22,-43],[21,-39],[-18,-27],[27,-58],[6,49],[37,-16],[-12,-54],[9,-3],[4,-47],[12,-35],[16,16],[33,-16],[-7,46],[-22,28],[10,21],[39,-29],[12,10],[5,36],[-11,28],[-44,34],[8,48],[-10,41],[12,25],[-36,58],[-10,38],[-25,11],[3,30],[47,9],[13,-23],[2,-31],[15,-24],[25,-23],[20,-5],[-5,-26],[35,-77],[17,-3],[0,54],[-21,27],[12,23],[-12,35],[35,15],[18,-12],[34,41],[26,-4],[10,-67],[21,-21],[-3,-95],[-9,-30],[32,-11],[9,49],[19,24],[-9,20],[26,37],[19,-9],[29,-51],[39,-31],[-5,-34],[10,-54],[10,-23],[36,4],[11,-35],[16,-12],[19,-33],[40,-20],[22,-49],[-1,-46],[30,-60],[64,-20],[28,8],[17,29],[37,44],[12,35],[24,8],[24,44],[-5,13],[33,18],[10,-33],[30,-24],[25,16],[-4,25],[11,27],[-23,40],[-31,28],[8,15],[33,-15],[23,13],[21,-50],[47,-84],[30,-8],[15,-16],[15,-44],[31,-60],[38,-31],[-10,-38],[40,-93],[3,-30],[32,-50],[2,-16],[31,-54],[27,-17],[61,-18],[5,1]],[[25725,48184],[15,-31],[43,4],[3,-19],[79,35],[30,49]],[[25902,48226],[35,11],[31,-22],[-3,-26],[20,-32],[-7,-39],[29,8],[9,21],[37,19],[2,-26],[48,-63],[-26,-11],[3,-37],[22,-15],[23,-45],[-16,-59],[-19,-43],[15,-44],[17,36],[5,45],[42,51],[29,7],[-3,51],[14,22],[31,8],[27,-41],[49,-44],[59,-20],[30,-20],[57,1],[6,-11],[69,6],[52,19],[43,8],[65,53],[37,74],[70,14],[33,-1],[-7,-66],[18,-8],[22,-64],[55,-18],[-1,-80],[16,-28],[36,-5],[31,-26],[24,14],[50,-23],[20,-26],[23,-59],[51,-52],[11,-20],[87,37],[22,0],[19,-18],[7,-25],[58,-46],[7,11],[-55,96],[49,-13],[65,14],[21,-44],[35,-6],[-3,26],[-29,21],[-17,30],[-28,3],[-17,35],[41,3],[19,24],[21,1],[20,26],[-15,33],[26,18],[30,9],[22,35],[24,-13],[11,15],[29,-2],[-18,-28],[13,-19],[44,0],[20,7],[47,36],[15,37],[22,-4],[9,-35],[30,-19],[56,46],[26,14],[22,33],[39,8],[51,37],[29,0],[38,26],[40,20],[35,-6],[-12,-27],[-47,-51],[-25,-14],[-37,-72],[-36,-19],[-18,-34],[-18,-10],[-42,-53],[0,-51],[31,-60],[40,-32],[24,-51],[21,49],[17,13],[21,-10],[2,56],[39,33],[16,26],[37,4],[18,41],[19,1],[-2,-33],[17,-14],[18,52],[24,-15],[87,66],[-5,39],[17,19],[21,-11],[-20,-56],[-12,-8],[-30,-55],[-60,-84],[3,-21],[31,-21],[12,-36],[44,7],[10,38],[42,16],[21,-13],[-14,-48],[-20,2],[-7,-30],[-26,-7],[18,-30],[-33,-69],[-27,-25],[3,-30],[34,-5],[6,-32],[-14,-28],[11,-24],[32,-29],[19,6],[1,25],[22,36],[19,-39],[14,-3],[59,30],[20,-3],[5,-33],[44,-9],[33,9],[55,44],[44,50],[9,28],[-9,20],[27,37],[10,42],[36,91],[-9,49],[-21,30],[-29,-10],[-28,9],[-63,-14],[-36,46],[-28,-18],[-23,6],[2,51],[31,-5],[18,17],[25,51],[43,67],[-3,9],[46,27],[29,-1],[7,-15],[34,55],[13,-7],[17,28],[1,20],[37,58],[20,-19],[18,22],[22,10],[28,-5],[46,21],[8,30],[64,9],[-36,-39],[-71,-30],[-27,-3],[-5,-37],[-24,0],[7,-31],[32,-23],[18,0],[19,48],[25,-7],[7,-41],[21,-64],[21,-36],[21,-10],[-3,-50],[-11,-29],[24,-60],[4,-27],[30,-33],[27,-16],[1,-51],[20,-20],[60,-6],[8,19],[27,0],[26,61],[-49,33],[-24,37],[26,6],[4,17],[67,20],[8,-31],[41,-51],[43,1],[22,-14],[13,-38],[19,-3],[-1,-44],[33,-5],[0,-21],[14,-43],[-14,-29],[23,-42],[-51,-29],[-17,-38],[-24,-18],[-33,-42],[-47,-75],[-39,-47],[-16,12],[19,43],[25,10],[-4,60],[-17,2],[-70,-64],[21,-29],[7,-36],[-8,-29],[-23,0],[-7,-27],[18,-19],[-31,-39],[-14,-31],[-17,-57],[4,-30],[16,-35],[-81,15],[-24,-26],[-8,-44],[22,-15],[5,-28],[-19,-60],[-30,-5],[-5,29],[2,49],[-19,6],[-36,31],[-15,-21],[12,-55],[-19,-23],[-44,59],[-22,-21],[4,-18],[24,-11],[-13,-46],[5,-17],[29,-12],[5,-25],[42,-37],[18,-33],[94,-59],[15,-62],[23,-16],[-16,-19],[-24,4],[-7,61],[-15,10],[-23,-19],[-19,-29],[2,-29],[-20,4],[-2,54],[-16,22],[-30,-31],[-15,12],[-28,-22],[-39,27],[-9,-27],[32,-9],[34,2],[1,-24],[33,-17],[-6,-15],[9,-35],[36,-4],[-25,-52],[-21,-81],[-22,11],[-23,-15],[-16,-30],[-9,-70],[4,-29],[-25,-31],[-10,10],[9,36],[-65,-26],[-18,-38],[-51,-88],[-13,1],[-18,44],[17,11],[6,25],[-13,33],[28,4],[26,-6],[18,29],[-10,41],[-15,12],[4,47],[-17,27],[18,11],[-17,35],[17,17],[-8,21],[9,21],[-8,34],[-35,17],[-34,-41],[-2,-32],[18,-40],[-18,-37],[4,-33],[-34,-4],[-73,51],[-3,-24],[27,-28],[-9,-28],[-26,-32],[-1,-37],[-15,-21],[-29,20],[-31,-20],[-6,41],[-13,11],[20,99],[-13,35],[-27,-31],[-21,-12],[5,-30],[-34,-51],[2,-44],[-25,13],[-15,-25],[16,-31],[-26,-44],[-13,74],[-17,39],[-20,7],[-30,-29],[-7,-53],[-19,1],[-8,22],[-36,-27],[-12,-48],[-19,-16],[-15,-43],[-2,-33],[50,-34],[-2,-30],[9,-20],[53,11],[-10,-54],[-23,17],[-36,-14],[-37,29],[-25,-16],[-6,-17],[8,-34],[-1,-4]],[[35222,44676],[186,200],[368,618],[85,247],[50,227],[50,269],[184,582],[46,288],[138,781],[369,-160],[11,-394],[115,-683],[242,-370],[184,-121],[320,102]],[[37570,46262],[12,-22],[-4,-132],[7,-27],[3,-66],[16,-47],[26,-26],[26,-10],[9,-47],[10,-13],[1,-43],[-14,-47],[-8,-55],[9,-53],[-31,-62],[-17,-88],[-6,-121],[-14,-45],[21,-78],[29,-37],[25,-47],[10,-37],[1,-38],[25,-79],[19,-33],[51,-45],[5,-42],[12,-41],[5,-69],[8,-23],[-5,-88],[5,-25]],[[34890,41463],[19,73],[4,61],[9,24],[57,107],[26,58],[12,42],[-1,24],[-25,55],[-22,113],[-23,52],[23,6],[21,63],[8,51],[10,169],[30,178],[25,117],[13,41],[25,53],[41,131],[15,80],[22,37],[16,73],[1,76],[21,29],[40,43],[15,46],[-12,34],[19,58],[18,23],[10,70],[-8,35],[-33,52],[-54,143],[-7,65],[-22,113],[-1,51],[-15,98],[0,75],[-34,160],[7,58],[23,105],[16,58],[24,61],[19,66],[5,37],[-5,49]],[[39717,43319],[-115,-83],[-200,-228],[59,-446],[-9,-237],[-170,-683],[363,-570],[369,-281],[92,-287],[-79,-683],[-13,-385],[-24,-298],[86,-228],[525,-1139],[319,-455],[241,0]],[[41161,37316],[5,-8],[23,-30],[16,1],[26,-30],[29,-6],[32,-28],[28,-40],[42,-8],[38,-34],[29,-8],[45,-27],[45,19],[60,-11],[7,-53],[13,-25],[31,-15],[15,-4]],[[38378,44413],[3,4],[30,51],[7,39],[0,56],[-6,22],[25,11],[20,-22],[15,7],[30,-48],[29,-3],[26,-16],[40,9],[16,17],[23,3],[26,27],[37,12],[44,54],[37,96],[35,-8],[18,-47],[25,-43],[19,-10],[26,-37],[-19,-73],[8,-33],[3,-51],[47,4],[25,13],[-9,-43],[-20,-60],[-6,-78],[7,-22],[38,-27],[35,-74],[38,-7],[59,7],[15,10],[8,-71],[33,-9],[37,-24],[55,7],[33,-7],[15,-35],[6,-45],[20,1],[10,-29],[-5,-19],[7,-58],[20,-18],[41,-6],[5,-37],[18,-26],[84,-14],[19,-25],[36,-22],[52,-14],[13,7],[51,5],[-14,-51],[5,-24],[52,-65],[20,-42],[20,-13],[21,16],[46,0],[-6,-48],[-71,-89],[-38,-79]],[[41767,36937],[41,10],[20,14],[35,65],[3,22],[40,28],[7,-47],[17,-23],[0,-28],[-16,-3],[1,-36],[22,-62]],[[16324,44804],[-24,-19],[9,-25],[-13,-26],[11,-20],[43,0],[16,-20],[-17,-22],[5,-30],[26,-21],[20,1],[11,23],[21,-14],[8,32],[58,38],[-20,24]],[[16769,44745],[-13,-17],[8,-44],[-7,-31],[13,-18],[37,-7],[-2,38],[8,15],[43,20],[9,41],[-2,10]],[[14335,41320],[23,1],[16,10],[97,6],[58,16],[53,-28],[25,-26],[30,-10],[26,8],[35,-1],[-13,28],[-36,-9],[-18,9],[-25,-9],[-31,45],[-77,21],[-12,25],[-26,16],[-26,-8],[-64,22],[-62,10],[-78,-22],[-29,-17]],[[14188,41415],[-11,13],[-2,-4]],[[14101,41472],[4,17],[-14,29],[17,47],[-30,36],[21,39],[-14,25],[45,13],[14,20],[15,65],[-9,68],[40,0],[7,-28],[-8,-24],[43,-68],[24,-12],[43,65],[22,-9],[10,19],[-5,70],[2,84],[-7,20],[20,33],[-1,51],[30,39],[-19,30],[29,25],[33,41],[24,-13],[20,31],[25,8],[-11,29],[15,9],[-20,48],[-14,-9],[-25,14],[-41,-20],[-40,-42],[-25,-58],[-10,-8],[-26,-65],[-25,-80],[-27,-47],[-22,11],[6,53],[-21,32],[-3,93],[-39,17],[-8,-27],[-36,10],[-3,41],[4,47],[-13,40],[3,31],[-12,45],[12,67],[12,28],[41,-2],[-16,105],[-23,10],[20,27],[-1,20],[21,49],[22,1],[0,29],[-15,22],[31,25],[49,15],[19,-27],[21,-5],[5,-19],[59,-5],[26,5],[-3,26],[15,71],[32,-61],[26,-3],[6,15],[-16,26],[-3,37],[18,18],[-12,18],[11,20],[46,23],[8,25],[-39,8],[-38,-7],[-5,34],[39,6],[19,19],[-30,34],[-13,46],[34,-16],[2,33],[75,-56],[7,-27],[33,23],[44,-45],[28,-38],[66,-15],[33,-35],[22,-4],[4,-28],[14,-18],[28,-14],[16,-34],[-23,-32],[16,-17],[24,15],[11,-19],[23,10],[21,23],[49,-1],[-39,42],[17,47],[9,74],[-3,29],[19,50],[-36,-20],[-29,21],[-30,3],[-32,-18],[-24,-24],[-15,-3],[-60,-40],[-27,25],[-27,52],[14,39],[40,40],[0,16],[24,29],[31,17],[37,-38],[14,22],[23,11],[15,29],[27,29],[-17,28],[-38,-25],[-25,-33],[-38,0],[-46,-42],[-20,-10],[-3,-23],[-30,-19],[-20,36],[2,48],[22,49],[-38,-18],[-22,5],[6,34],[32,42],[31,24],[46,1],[11,-17],[21,2],[28,-15],[8,26],[39,25],[18,-14],[18,48],[-22,17],[-10,40],[-2,56],[27,28],[12,-12],[29,26],[9,-45],[-28,-35],[22,-30],[-4,-27],[26,-4],[13,39],[25,-1],[-4,-74],[19,-16],[8,-49],[23,-25],[17,34],[13,-5],[30,21],[16,22],[43,1],[38,-60],[29,-18],[40,14],[20,-13],[23,17],[36,-22],[39,13],[47,-9],[-1,28],[-33,9],[-70,-2],[-29,33],[33,32],[0,24],[-29,3],[-1,28],[12,30],[-18,55],[-9,-14],[-33,6],[-22,-6],[-44,17],[1,30],[-33,43],[-17,4],[-7,-27],[-30,-12],[-6,33],[19,9],[9,34],[28,18],[22,-36],[43,11],[-2,65],[-34,29],[-23,11],[-9,-14],[-36,9],[-29,32],[-12,80],[-46,14],[-11,35],[19,27],[29,-6],[2,47],[42,3],[-8,20],[4,35],[18,9],[35,-22],[6,31],[57,11],[-23,32],[-13,-15],[-38,29],[21,46],[35,22],[22,2],[40,35],[18,-5],[25,-28],[29,6],[10,19],[16,-67],[39,0],[-3,34],[25,23],[-10,21],[38,49],[63,10],[12,-32],[-17,-12],[13,-28],[23,11],[14,37],[13,-15],[15,31],[-15,77],[8,47],[23,30],[-21,56],[-19,29],[15,20],[-23,43],[22,59],[-18,26],[7,19],[21,-3],[16,23],[39,-25],[18,-37],[20,-19],[51,-35],[-27,-56],[-38,26],[4,-45],[-16,-60],[-3,-64],[21,-13],[15,-65],[-13,-81],[-33,-109],[22,14],[15,65],[24,68],[17,60],[32,-5],[33,20],[33,9],[5,33],[17,-3],[-12,-39],[10,-10],[50,33],[-6,-31],[-29,-13],[-6,-18],[22,-39],[-6,-39],[19,-10],[-19,-29],[19,-23],[13,-35],[24,11],[7,-27],[23,-12],[10,-34],[23,13],[8,44],[-18,50],[-22,22],[22,46],[62,25],[2,-34],[36,-14],[7,39],[12,14],[32,-27],[4,98],[-18,3],[-9,22],[1,38],[-10,22],[-36,-6],[-10,33],[30,-3],[52,63],[29,-5],[12,15],[-11,27],[22,7],[-7,40],[-21,36],[-10,37],[25,27],[26,-3],[36,10],[25,38],[11,45],[-19,28],[19,12],[-7,41],[-23,11],[-8,32],[-31,33],[-17,-17],[-29,19],[-36,-33],[-51,41],[-1,28],[-14,27],[0,39],[41,-29],[-10,-44],[35,36],[26,6],[-7,14]],[[17208,45369],[0,5],[32,0],[1,-2]],[[20042,43477],[2,17],[-10,45],[3,55],[-8,68],[-8,21],[19,25],[31,-17],[-7,-22],[58,12],[61,-30],[16,-40],[51,-24],[41,-8],[41,-19],[58,-105],[3,-34],[16,-9],[41,-46],[5,-9]],[[43759,35759],[10,-63],[25,-36],[-1,-23],[20,-30],[-11,-31],[17,-8],[20,-28],[24,9],[-6,35],[21,26],[-1,-57],[19,-7],[9,-26],[16,4],[-5,-80],[41,31],[27,-12],[26,21],[-1,32],[25,-10],[3,-41],[26,-16],[-34,-29],[28,-22]],[[44057,35398],[-183,-131],[51,-222]],[[43925,35045],[-5,-8],[-22,-49],[29,-24],[3,-35],[9,-18]],[[43939,34911],[10,-100],[-283,-227],[32,-544],[185,135],[368,-19],[205,197]],[[44456,34353],[22,11],[30,-10],[-2,-23],[16,-31],[20,4],[29,-65],[24,10],[-10,-92],[-28,-10],[6,-26],[-12,-46],[4,-40],[21,-46],[-19,-40],[8,-25],[24,32],[40,28],[10,-39],[37,-22],[2,-84],[22,-21],[0,-55],[-24,-38],[46,6],[6,-23],[-49,-3],[-6,-19],[3,-46],[-11,-24],[16,-33],[24,28],[43,2],[9,-22],[36,15],[-14,-62],[25,-15],[48,-16],[11,-33],[25,64],[20,1],[2,-55],[-16,-29],[-24,-20],[-16,-43],[-1,-30],[20,-44],[4,-74],[-30,-35],[-3,-69],[8,-20],[30,-18],[10,-27],[-11,-55],[4,-79],[19,-43],[9,-46],[27,-30],[16,-35],[-2,-11]],[[46397,31997],[30,-3],[6,-36],[-9,-27],[7,-23],[23,-6],[2,51],[17,19],[5,28],[-10,43],[28,-4],[13,-37],[-8,-26],[-8,-70],[7,-49],[29,-3],[0,-35],[33,-20],[-23,-101],[-8,-67],[-11,-46],[-11,-77],[-1,-71],[4,-31],[-16,-28],[-2,-26]],[[49120,27214],[11,-9],[-13,-19],[9,-27],[20,-4],[-1,-24],[26,3],[24,-20],[-6,-36],[56,-45],[11,-37],[-14,-26],[22,-19],[-7,-28],[-17,-1],[-7,-31],[25,-32],[-30,-26],[7,-35],[35,23],[-4,23],[15,30],[-19,8],[-4,24],[38,12],[2,35],[-16,24],[11,52],[21,20],[5,-62],[16,-64],[23,-39],[36,-34],[32,-7],[26,16],[-44,-112],[-44,-138],[-21,-76],[-24,-108],[-11,-61],[-8,-73],[9,-74],[30,-37],[29,9],[-21,-137],[-9,-93],[13,-22],[-6,-51],[4,-91],[10,-47],[35,-13],[-4,-77],[3,-66],[17,-44],[-34,-11],[-16,-57],[-2,-60],[-33,-13],[-24,-31],[-4,-27],[-19,-19],[28,-44],[8,-53],[37,-38],[12,-27],[39,-35],[-18,-17],[-26,-1],[-55,-40],[-5,-12]],[[49895,23469],[-117,-48],[-184,43],[-47,-37],[-54,-456],[185,-227],[121,-456],[19,-65]],[[49818,22223],[-22,-39],[-31,-80],[-6,-62],[20,-11],[-3,-47],[-36,-41],[-33,-56],[-50,-99],[-13,-62],[13,-53],[28,-24],[-13,-77],[6,-25],[-12,-42],[11,-25],[-9,-71],[-26,-53],[-9,-45],[12,-24],[-23,-52],[-2,-36],[16,-11],[-36,-62],[-16,-57],[14,-35],[-19,-33],[8,-41],[-30,-50],[-3,-42],[9,-14],[-4,-37],[-13,-44],[-34,-48],[-44,-90],[9,-47],[-6,-43],[15,-16],[-15,-49],[3,-22],[-43,-65],[-16,-55],[-19,-42],[5,-20]],[[49401,20276],[-360,141],[-242,-178],[242,-214],[274,10]],[[49315,20035],[-27,-39],[-23,-59],[-9,-53],[5,-20],[-14,-26],[-9,-78],[8,-43],[-30,-81],[-5,-53],[17,-25],[-6,-57],[9,-74],[9,-33],[31,-39],[49,-10],[14,-37],[-4,-19],[-34,-49],[-17,-45],[-7,-41],[8,-48],[25,-16],[-20,-35],[-62,-82],[-16,-31],[-12,-65],[-13,-33],[-5,-39],[12,-24],[-6,-73],[9,-15],[-43,-65],[-19,-41],[-9,-54],[26,-56],[-1,-23],[-73,-83],[-29,-46],[-15,-44],[10,-14],[-17,-38],[11,-31],[-35,-38],[-20,-35],[-6,-32],[14,-16],[-74,-105],[-14,-45],[17,-33],[-69,-50],[-68,-65],[-33,-40],[-38,-59],[-14,-36],[-13,-18]],[[49594,24394],[10,-3],[6,-30],[-13,-16],[11,-34],[0,-70],[14,-54],[31,6],[11,-25],[32,3],[6,1],[4,3],[13,-19],[5,-23],[12,-11],[25,-4],[0,-28],[-14,-25],[-49,-7],[-14,-24],[-3,-24],[19,-19],[19,-52],[-10,-18],[18,-57],[3,-65],[23,-30],[10,-100],[16,-66],[34,-63],[57,-62],[34,3],[-9,-12]],[[48621,17447],[-2,-39],[10,-20],[27,-7],[9,-29],[34,-21],[-6,-20],[-29,-32],[-20,-46],[-4,-48],[27,-39],[-29,-81],[-2,-58],[20,-20],[-26,-15],[-85,-30],[-100,-56],[-35,-28],[-42,-51],[-23,-53],[-48,-20],[-36,-28],[-29,-44],[-6,-40],[-54,5],[-21,28],[-22,-30],[-47,-13],[-27,22],[-54,7]],[[47975,16551],[49,14],[25,-13],[41,16],[19,-15],[27,18],[21,-6],[39,16],[30,-14],[-14,-53],[-20,-17],[-39,-2],[-14,-39],[-66,12],[-67,-17],[-67,-26]],[[47542,15861],[-9,-20],[-27,-20],[-44,-59],[8,-61],[-68,-43],[8,25],[29,39],[-8,21],[27,38]],[[47199,15327],[10,32],[-10,10]],[[47199,15379],[11,18],[-11,7]],[[47199,15437],[12,38],[-12,1]],[[47309,15641],[-1,-18],[37,-37],[37,40],[7,-23],[-19,-27],[-2,-32],[-54,-68],[-12,-81],[-34,-57],[-23,7],[-46,-23]],[[46597,13651],[-6,-30],[7,-44],[-40,-122],[-45,-21],[-36,-52],[-13,-46]],[[41596,44],[-52,-9],[-25,-27],[-34,5],[-15,42],[-40,1],[-20,28],[-75,81],[3,60]],[[41338,225],[177,-23],[-182,911],[-72,228],[-70,227],[-100,228],[-126,455],[154,397],[70,286],[-254,146],[-184,168],[-99,142],[-270,166],[-184,68],[-553,81],[-184,-132],[-184,-249],[139,-390],[116,-269]],[[39532,2665],[0,0],[-46,40],[-3,22],[-75,80],[-3,26],[-43,61],[-26,15],[-16,-12],[-22,23],[-7,34],[18,15],[-22,32],[-4,38],[-19,62],[-67,119],[-25,32],[-36,69],[-46,34],[29,17],[13,22],[-9,55],[-40,47],[-9,35],[-17,7],[-15,63],[-31,39],[14,44],[-2,13]],[[28698,45426],[8,-1],[3,-20]],[[28879,45135],[2,9],[-3,24],[-20,37],[-10,32],[17,25],[21,-23],[20,17],[9,-23],[37,-6],[8,4]],[[32698,41342],[9,11],[68,-21],[0,-1]],[[49185,27475],[24,34],[4,39],[-1,18]],[[49252,27683],[16,21],[21,56],[-1,25]],[[49583,28386],[25,-35],[48,-18],[0,-97],[-31,-74],[-73,-197],[-77,-194],[-94,-265],[-34,-111],[-18,-80],[-9,-76],[4,-50],[11,-55],[-14,-53],[-35,-5],[-24,15],[-18,26],[-9,39],[-15,17],[-7,65],[-21,62],[0,41],[-9,27],[-20,20]],[[49445,25099],[-13,-3],[-16,42],[-24,28],[-5,28],[-40,32],[-10,40],[-17,15],[17,53],[-19,36],[3,20],[56,39],[13,-12],[29,-128],[28,-83],[24,-45],[10,-37],[-5,-8]],[[13694,41783],[2,40],[35,-24],[-7,-28],[-26,9]],[[40678,168],[137,21]],[[40815,189],[-7,-15],[-47,-13],[-1,-25],[-39,0],[-4,-17],[-44,5],[5,44]],[[40835,192],[51,7]],[[40886,199],[3,-37],[-35,-8],[-9,32],[-10,6]],[[40946,212],[173,42],[183,-24]],[[41302,230],[4,-47],[-24,-28],[-32,9],[-22,-25],[-36,-2],[-86,19],[-53,24],[-24,-10],[-11,-24],[-33,-12],[-29,28],[7,41],[-17,9]],[[39698,2181],[-6,-36]],[[39692,2145],[-17,8],[23,28]],[[39686,2108],[-26,-151]],[[39660,1957],[-19,25],[0,23],[20,23],[-10,67],[-13,37],[-23,32],[28,15],[20,-21],[22,-48],[1,-2]],[[22599,48481],[-53,220],[-46,227],[-34,258]],[[22466,49186],[8,8],[34,9],[6,40],[58,-17],[21,-43],[-20,-28],[-2,-30],[32,-5],[6,28],[17,10],[36,-20],[0,-40],[29,-10],[9,21],[-9,18],[18,20],[37,-26],[2,-24],[-11,-33],[21,-10],[5,-37],[20,-42],[-8,-20],[22,-24],[26,20],[31,-21],[12,-25],[-4,-34],[8,-32],[-17,-27],[-34,14],[-40,-52],[-15,-69],[12,-30],[-8,-28],[16,-7],[0,-25],[-34,-7],[-31,5],[-12,23],[-28,6],[-17,-26],[-19,-51],[-18,-30],[-12,-35],[-14,-19]],[[44116,35337],[-38,53]],[[44078,35390],[8,-3],[31,-47],[-1,-3]],[[49718,24489],[10,37],[17,9],[20,86],[0,29],[18,9],[36,-42],[56,-15],[17,-17],[-19,-37],[-31,-94],[-34,-123],[-15,-78],[-11,-89],[-34,-40],[-17,3],[-8,25],[-15,24],[12,21],[-3,47],[27,30],[-18,50],[8,22],[-6,86],[5,32],[-15,25]],[[49756,24045],[1,-52],[-27,-46],[-2,52],[28,46]],[[14226,42880],[-22,-2],[2,-26],[-22,-1],[10,39],[-5,35],[10,41],[22,13],[-9,35],[15,22],[41,18],[23,29],[14,-24],[0,-33],[-11,-27],[9,-21],[25,2],[2,-28],[22,-10],[24,-47],[-4,-22],[39,-16],[-56,-32],[-45,-32],[-45,-9],[-16,18],[40,64],[-9,32],[-54,-18]],[[14071,42974],[-24,-3],[-19,23],[9,21],[35,15],[26,-6],[31,50],[25,-2],[14,-16],[-9,-30],[17,-23],[-28,-25],[-22,5],[-15,27],[-40,-36]],[[14327,42020],[-12,3],[-33,-28],[-22,5],[18,43],[57,31],[3,-22],[-11,-32]],[[15000,44000],[-16,24],[-25,-3],[-6,72],[7,29],[-7,22],[55,4],[-26,66],[6,28],[21,22],[23,4],[-8,25],[30,2],[17,-39],[29,-29],[-5,-30],[-20,-67],[9,-43],[-31,-63],[-11,18],[-42,-42]],[[15717,44258],[0,35],[17,69],[21,-5],[-10,-29],[12,-24],[0,-31],[-17,-15],[-23,0]],[[15487,44332],[30,-76],[0,-20],[-33,3],[-6,34],[-15,19],[24,40]],[[15141,44037],[23,-31],[-17,-11],[-15,17],[-23,-33],[-23,13],[34,44],[21,1]],[[24152,49317],[-6,-28],[15,-26],[35,9],[-22,-43],[12,-33],[8,-96],[-24,-20],[-10,-47],[-28,1],[-18,32],[-11,51],[-1,32],[-53,84],[-31,61],[22,6],[17,20],[7,78],[-39,31],[-24,46],[4,12],[47,-40],[47,21],[24,27],[-6,51],[15,29],[35,-2],[-23,-45],[8,-67],[16,-42],[6,-66],[13,-13],[-16,-23],[-19,0]],[[27806,47962],[5,50],[25,35],[11,43],[25,-26],[21,-8],[28,11],[28,52],[21,-9],[26,10],[23,-10],[29,28],[30,17],[61,74],[48,40],[19,64],[-15,1],[-12,28],[14,25],[61,-23],[16,-47],[-38,-35],[-10,-42],[-42,-27],[-31,-48],[-14,-40],[-38,-53],[-23,-17],[-36,6],[-12,-14],[-6,-33],[-39,-1],[-82,-23],[-15,-17],[-22,-5],[-42,-55],[-22,30],[8,19]],[[28957,48909],[3,25],[16,3],[30,40],[38,38],[24,97],[45,76],[-3,20],[27,9],[10,31],[24,-12],[19,6],[24,39],[-5,52],[19,17],[23,67],[-2,22],[-26,10],[9,20],[46,31],[-1,-32],[-13,-44],[-14,-87],[-17,-28],[-9,-42],[6,-27],[-13,-20],[-45,-23],[6,-34],[-54,-77],[-12,-50],[-24,-26],[-22,-57],[-30,-24],[0,-14],[-34,-53],[-16,19],[-33,-10],[4,38]],[[41338,225],[0,2],[-36,12],[0,-9]],[[40946,212],[-11,5],[-50,0],[1,-18]],[[40835,192],[-14,7],[-6,-10]],[[40678,168],[3,21],[-19,30],[5,31],[-40,55],[-7,40],[-59,51],[31,4],[21,61],[19,-24],[57,-3],[25,-10],[39,12],[36,-15],[3,-40],[41,5],[-8,23],[56,0],[24,-19],[-2,72],[-32,17],[-69,-7],[-6,-36],[-28,-5],[-46,24],[-14,41],[-43,-55],[-55,29],[-4,28],[-26,16],[16,37],[2,52],[-36,9],[-22,38],[-18,-9],[18,-42],[-28,-17],[-8,-21],[-33,7],[-10,-22],[20,-25],[34,37],[20,-3],[-4,-42],[-30,-11],[-36,-29],[-49,61],[-24,53],[-8,43],[-23,46],[-29,-5],[-22,72],[-17,6],[5,38],[-37,-8],[-45,37],[26,61],[-35,16],[-21,29],[-37,25],[-23,52],[-37,6],[-36,-19],[-39,7],[-7,60],[-26,49],[-18,2],[-35,84],[-14,74],[-19,37],[-29,30],[16,47],[-16,9],[-17,47],[1,48],[-42,7],[4,31],[-67,27],[24,25],[1,42],[-25,27],[-26,46],[1,29],[-30,49],[20,30],[-20,52],[1,34],[-17,60],[-14,18]],[[39686,2108],[6,-29],[20,-5],[-2,-32],[33,9],[33,-21],[5,-38],[49,-33],[58,-49],[41,-11],[26,-36],[-6,-49],[55,24],[26,-19],[40,66],[-1,23],[-34,55],[-21,14],[-27,-27],[-18,38],[-38,14],[-8,31],[-28,20],[-45,51],[3,59],[-11,47],[-15,12],[-66,-15],[-32,-35],[25,-16],[2,-22],[-27,-8],[-37,19]],[[39698,2181],[13,16],[14,87],[-10,82],[-32,90],[-53,112],[-81,67],[-17,30]],[[20762,45617],[8,38],[-6,62],[59,27],[-7,28],[22,46],[16,-16],[1,-62],[34,-42],[40,-12],[41,1],[30,10],[59,48],[48,62],[13,-14],[30,13],[26,32],[35,63],[59,171],[-29,69],[-68,93],[-36,-2],[-18,19],[3,46],[19,44],[-17,24],[11,84],[13,41],[-13,61],[15,50],[22,6],[20,29],[22,-4],[-1,-23],[16,-22],[21,-10],[47,11],[51,38],[15,22],[22,11],[1,20],[17,51],[14,62],[-7,18],[-1,49],[5,43],[-12,30],[7,68],[15,-11],[39,-4],[0,30],[18,8],[29,29],[31,-4],[40,-43],[20,4],[12,-25],[2,-34],[20,-15],[23,16],[35,-25],[31,-6],[40,16],[51,-6],[-35,37],[-26,9],[-13,21],[-31,3],[-16,-16],[-13,44],[-34,34],[43,11],[9,-11],[22,37],[-26,23],[-14,-10],[-10,46],[29,99],[18,20],[-28,34],[45,33],[-11,21],[-26,7],[5,33],[32,25],[46,-11],[35,-33],[27,3],[25,-21],[33,-1],[17,-16],[-11,-65],[26,-42],[-12,-26],[15,-53],[23,34],[20,-29],[32,3],[1,-16],[31,-52],[17,-7],[42,0],[20,-8],[15,-40],[14,27],[-34,54],[-21,14],[-32,-1],[-17,92],[16,-9],[47,18],[7,-38],[23,-11],[-5,55],[-15,33],[-48,12],[-48,41],[-1,-33],[-30,31],[13,58],[40,85],[29,37],[36,-18],[37,-6],[36,8],[47,-28],[23,4],[-34,54],[16,76],[7,51],[-12,33],[-21,11],[-12,35],[11,39],[51,27],[25,-36],[27,19],[32,-2],[2,-30],[13,-11],[28,3],[11,17],[29,-42],[49,-44],[12,17],[3,30],[26,49],[-4,40],[24,44],[-5,43],[38,55],[2,-40],[25,-30],[-7,-75],[11,-14],[-11,-30],[17,-53],[48,-65],[36,-29],[60,-25],[1,0]],[[35222,44676],[-6,69],[7,60],[-12,44],[-21,46],[-74,95],[-47,82],[-6,31],[-2,85],[15,91],[12,50],[12,89],[5,83],[25,130],[33,99],[48,65],[19,43],[31,104],[64,98],[17,58],[-7,43],[-13,29],[-27,20],[-12,45],[-23,23],[-9,73],[-10,29],[6,31],[-6,64],[-22,21],[-16,29],[23,68],[33,54],[26,-3],[44,53],[30,7],[31,32],[28,50],[46,145],[13,78],[17,9],[23,-24],[30,-9],[14,31],[-23,18],[-19,-8],[-10,37],[35,9],[35,34],[6,31],[-26,5],[-62,-17],[-11,23],[-42,18],[-30,58],[-56,26],[-17,-23],[-10,-41],[-32,0],[-45,-32],[-41,28],[32,105],[39,97],[48,155],[16,69],[3,28],[16,47],[19,16],[26,66],[83,225],[18,24],[18,47],[37,46],[32,1],[-24,-48],[39,-91],[-3,-44],[20,5],[32,44],[44,-27],[22,31],[-13,39],[-37,51],[-36,10],[0,42],[10,93],[14,97],[19,66],[30,36],[2,34],[16,88],[10,8],[3,36],[20,80],[10,56],[20,45],[37,121],[24,108],[11,94],[-1,98],[-7,32],[24,36],[10,98],[12,25],[-15,88],[0,37],[-23,88],[11,49],[26,25],[46,27],[28,-12],[39,20],[40,-13],[36,25],[11,-7],[45,41],[13,48],[34,39],[5,30],[17,34],[3,26],[15,37],[-4,17],[18,29],[12,-15],[27,-4],[35,7],[36,32],[38,-50],[37,-8],[21,-22],[-33,-63],[-47,-78],[-27,-12],[-7,-18],[4,-75],[-12,-7],[-11,-35],[3,-29],[53,74],[4,24],[35,34],[18,2],[33,-37],[3,-36],[-11,-27],[16,-14],[19,9],[36,-11],[16,-41],[20,-7],[18,11],[42,-37],[4,-51],[22,-46],[24,-26],[2,-82],[13,-38],[-4,-52],[-15,-53],[14,-54],[-2,-28],[12,-23],[22,-2],[10,-33],[14,-7],[29,-60],[6,-39],[-44,-77],[-7,-66],[15,-21],[-5,-103],[21,-42],[0,-49],[9,-24],[2,-58],[-2,-71],[4,-39],[-12,-66],[4,-84],[24,-34],[30,-6],[11,-27],[45,-16],[30,-46],[33,-8],[53,4],[80,55],[52,-34],[1,-34],[30,-50],[55,24],[34,-22],[-13,-17],[-31,14],[-30,-23],[-63,-152],[-27,-47],[-23,-54],[-7,-62],[11,-32],[-13,-44],[10,-7],[-16,-55],[-5,-64],[18,-18],[93,-6],[32,-5],[25,-18],[20,-30],[45,-20],[6,-15],[-1,-48],[8,-24],[-3,-86],[29,-33],[4,-22],[43,-32],[21,4],[49,-48],[24,3],[29,-44],[-38,-52],[-8,-63],[-12,-25],[-10,-57],[-13,-18],[-17,-60],[3,-49],[-12,-81],[59,2],[11,32],[52,26],[30,-23],[28,6],[25,25],[32,-2],[-38,-86],[-13,-41],[-4,-35],[17,-13],[-9,-37],[12,-36],[-9,-48],[7,-31],[-8,-22],[-5,-74],[4,-36],[6,-13]],[[39847,42347],[-18,-22],[-176,-455],[34,-456],[224,-75]],[[39911,41339],[-11,-48],[7,-53],[21,-14],[44,-3],[5,-56],[49,-83],[16,-48],[54,-69],[19,-63],[51,-20],[36,-45],[23,-13],[2,-32],[14,-27],[45,-34],[28,-67],[37,-38],[-12,-28],[0,-29],[20,-24],[38,24],[34,44],[17,-3],[4,-14]],[[40452,40596],[-19,-92],[-118,-228],[-138,-455],[27,-683],[178,-317],[184,-116],[72,10]],[[40638,38715],[-1,-67],[13,-96],[10,-41],[29,-30],[65,-100],[42,-30],[28,-44],[14,-77],[27,5],[-4,-44],[31,2],[18,-26],[40,-8],[40,-20],[23,-21],[18,2],[21,-51],[-9,-88],[-23,-51],[3,-26],[-24,-64],[-21,-87],[-12,-94],[4,-68],[15,-37],[49,-69],[7,-27],[33,-16],[21,-46],[31,-15],[35,-65]],[[39717,43319],[-12,-23],[-17,-50],[5,-80],[29,-82],[10,-13],[50,-3],[22,18],[5,30],[26,-53],[-50,-40],[-29,-31],[-8,-20],[18,-30],[-15,-29],[3,-20],[-33,-35],[-27,-59],[2,-31],[19,3],[18,-25],[7,-52],[-9,-44],[20,-34],[21,11],[18,-22],[11,-58],[-15,-14],[4,-61],[19,-14],[1,-19],[34,-67],[3,-25]],[[44057,35398],[3,-2],[18,-6]],[[44116,35337],[-8,-29],[9,-35],[-3,-33],[26,-49],[28,-34],[2,-23],[49,-47],[-5,-21],[-33,-13],[-10,27],[-35,-7],[-13,37],[-26,3],[3,43],[-11,17],[13,32],[-18,30],[-28,9],[-20,-24],[10,-50],[-24,-21],[-34,-6],[-26,31],[-21,-11],[20,-23],[-11,-56],[-25,-39]],[[43939,34911],[5,-8],[23,-4],[-1,-31],[-14,-12],[32,-28],[-2,-42],[55,-23],[7,-46],[26,-20],[34,-2],[-17,-40],[27,-38],[13,-30],[-6,-37],[51,22],[6,-31],[35,-22],[11,13],[68,-12],[27,-31],[29,22],[25,-14],[-7,-36],[-19,11],[-10,-69],[13,-27],[42,19],[30,-2],[33,-41],[1,1]],[[49895,23469],[-19,-28],[30,-3],[20,-14],[1,-68],[18,-17],[-18,-107],[9,-55],[-13,-46],[-17,-106],[-1,-96],[22,-102],[24,-44],[48,-38],[-20,-79],[6,-30],[-26,-76],[-1,-45],[12,-13],[-1,-48],[-19,-50],[-22,-17],[-89,-129],[-21,-35]],[[49401,20276],[3,-9],[-6,-48],[-24,-26],[-18,-37],[-6,-34],[-28,-42],[-3,-41],[-4,-4]],[[22599,48481],[-29,-35],[-20,-34],[-19,12],[-26,-13],[-65,-61],[-10,-15],[-45,-22],[-49,-37],[-30,-9],[-43,-70],[-18,0],[-28,-19],[-34,-51],[-25,-18],[-22,4],[-26,52],[-64,64],[-22,16],[-61,8],[-55,31],[-28,23],[-61,21],[-17,50],[-38,23],[-22,35],[-29,9],[-8,20],[-44,47],[-31,-9],[-48,39],[-20,52],[2,40],[19,42],[-8,26],[-33,22],[-8,23],[-27,31],[3,30],[-19,36],[10,43],[-19,29],[4,17],[-36,76],[16,45],[14,17],[-25,48],[-30,25],[11,135],[34,5],[57,-67],[30,-52],[31,-38],[33,-21],[28,3],[8,23],[48,-33],[12,-52],[-22,-30],[-21,2],[-16,-33],[3,-35],[15,-19],[20,-5],[20,23],[18,-3],[28,22],[3,27],[24,-6],[-7,-26],[6,-41],[43,-65],[-1,-30],[26,-35],[8,30],[41,-17],[0,-16],[35,-28],[11,22],[-33,17],[7,26],[-21,12],[-27,49],[-43,10],[8,52],[72,16],[10,16],[58,4],[37,11],[43,42],[15,26],[17,-1],[83,-41],[16,-26],[52,-19],[22,31],[-13,43],[29,10],[46,32],[28,56],[32,1],[18,-16],[9,-41],[-6,-29],[27,-35],[22,47],[-11,50],[8,49],[10,10]],[[39902,2479],[112,-309],[184,-350],[39,-252],[186,-227],[158,-228],[170,-26],[60,254],[-90,227],[-197,228],[42,126],[0,301],[0,34],[19,450],[-14,227],[-189,55],[-368,-106],[-112,-404]],[[40931,38461],[-20,36],[4,28],[-15,38],[4,27],[32,-40],[51,2],[5,-20],[-25,-79],[0,-25],[17,-12],[20,-45],[31,-11],[9,-33],[-18,-7],[18,-33],[18,-9],[-31,-48],[-2,-57],[-26,-12],[-19,9],[-49,-2],[-34,18],[-12,40],[-14,20],[8,50],[-7,33],[-31,43],[-31,63],[-39,21],[-24,23],[-36,55],[45,21],[24,-1],[27,-16],[20,-25],[38,-25],[35,-9],[27,-18]],[[21732,48419],[32,-29],[-28,-83],[-16,-27],[-26,0],[-17,14],[-28,-2],[-45,-17],[-67,25],[-15,-4],[-25,17],[-39,7],[-49,33],[-50,12],[-19,-10],[-58,-18],[-56,-24],[-35,-7],[-51,-20],[-56,-3],[-22,10],[-25,-8],[-28,39],[-7,37],[16,28],[30,-16],[16,57],[-3,64],[7,24],[20,-1],[43,-49],[38,-2],[49,76],[14,2],[52,-68],[0,47],[-15,7],[-10,31],[-48,3],[12,82],[-8,23],[-24,19],[20,30],[10,45],[-16,37],[-36,-10],[-10,22],[26,22],[11,43],[63,42],[28,51],[-6,29],[20,18],[48,2],[41,34],[21,-32],[13,-64],[9,-22],[35,-43],[4,-38],[-32,-54],[-1,-35],[29,-49],[30,-10],[50,-46],[-6,-60],[10,-76],[20,-5],[60,-38],[20,7],[17,-24],[32,-14],[5,-25],[26,-6]],[[39847,42347],[6,-40],[-20,-64],[7,-40],[23,-13],[-26,-81],[2,-29],[57,-44],[29,-49],[8,-38],[20,-17],[16,-41],[0,-41],[14,-27],[-20,-47],[1,-22],[-17,-45],[-1,-68],[30,-15],[2,-38],[13,-8],[-5,-52],[-34,-24],[-39,-72],[-7,-57],[10,-18],[-5,-18]],[[40452,40596],[7,-22],[23,-6],[34,29],[24,35],[33,-39],[-32,-56],[8,-20],[-36,-49],[-19,-86],[1,-52],[30,-34],[16,-46],[23,-18],[5,-40],[16,-22],[-1,-50],[7,-12],[4,-53],[14,-9],[14,-33],[16,-75],[15,-36],[18,-20],[14,-31],[32,-26],[-11,-75],[4,-31],[13,-17],[-11,-67],[27,-57],[30,-28],[25,-44],[6,-43],[10,-20],[-22,-23],[-22,-44],[-11,-53],[10,-65],[-21,-26],[-4,-24],[17,-21],[-7,-20],[18,-40],[-18,-47],[-3,-64],[-8,-29],[2,-39],[-28,-34],[-17,-46],[-22,-36],[-10,-49],[-27,-56],[0,-12]]],"transform":{"scale":[0.0008141909888078284,0.0006587824230576074],"translate":[112.92113458604918,-43.63310175627891]},"objects":{"isohyets":{"type":"GeometryCollection","geometries":[{"arcs":[[[0]],[[1],[2],[3]],[[4,5,6]]],"type":"MultiPolygon","properties":{"min_mm":0,"max_mm":200,"band":"0–200 mm"}},{"arcs":[[[-3]],[[-4]],[[7,8,9,10,11,12,13,14,15,16,17,18,19,20,21,22,23,24,25,26,-5,-7,27,28],[-1],[-2],[36],[37],[38],[39],[40]],[[29]],[[30]],[[31]],[[32]],[[33]],[[34,35]],[[41]],[[42]],[[43]]],"type":"MultiPolygon","properties":{"min_mm":200,"max_mm":300,"band":"200–300 mm"}},{"arcs":[[[44,45,46,47,-8,-29,48,-35,49]],[[-10,50]],[[51,52,-12,53]],[[-14,54]],[[-16,55]],[[-18,56]],[[-20,57]],[[-22,58]],[[-24,59]],[[60,61,62,63,-26,64],[-30],[-31],[-32],[-33],[-34]],[[-37]],[[-38]],[[-39]],[[-40]],[[-41]],[[65,66]],[[67,68]],[[69]]],"type":"MultiPolygon","properties":{"min_mm":300,"max_mm":400,"band":"300–400 mm"}},{"arcs":[[[70,71,72,73,74,75,-45,76,77],[-70],[102]],[[-68,78,-66,79,-47,80]],[[-52,81]],[[82,83,84,85,86,87,88,89,90,91,-61,92]],[[-63,93]],[[94,95]],[[96,97]],[[98,99]],[[100,101]],[[103]],[[104,105,106,107,108]],[[109,110]],[[111,112]],[[113,114]],[[115,116,117]],[[118]],[[119]],[[120]]],"type":"MultiPolygon","properties":{"min_mm":400,"max_mm":600,"band":"400–600 mm"}},{"arcs":[[[121,122,123,124,125,126,127,128,129,130,-116,-118,131,132,133,-71,-78,134,135,136,137],[-104],[-119],[-120],[-121],[188],[189],[190],[191],[192],[193]],[[138,139,140,141,-73,142]],[[-75,143,-101,144,-99,145]],[[-83,146]],[[-85,147]],[[-87,148]],[[-89,149]],[[-91,150,151,152,153,154,155,156]],[[-95,157,-97,158]],[[-103]],[[159,160,-105,-109,161,-114,162,-112,163,-110,164]],[[-107,165]],[[166,167]],[[168,169]],[[170,171]],[[172,173]],[[174,175]],[[176,177]],[[178,179]],[[180,181]],[[182,183]],[[184,185]],[[186,187]],[[194]],[[195]],[[196]]],"type":"MultiPolygon","properties":{"min_mm":600,"max_mm":800,"band":"600–800 mm"}},{"arcs":[[[197,198,199,200,201,202,203,204,-122,-138,205,206,207,208,209,210,211,212]],[[213,214,-124,215]],[[-126,216]],[[217,218,219,220,221,222,223,224,225,226,227,228,229,230,231,232,-128,233],[289]],[[-130,234,-167,235]],[[-133,236,-187,237,-185,238],[256],[257],[258]],[[-136,239]],[[-139,240]],[[-141,241]],[[-152,242]],[[-154,243]],[[-156,244]],[[-181,245,-179,246,-177,247,-160,248,249,250]],[[-173,251,-171,252,-169,253]],[[-175,254]],[[-183,255]],[[-189]],[[-190]],[[-191]],[[-192]],[[-193]],[[-194]],[[259,260]],[[261,262]],[[263,264]],[[265,266]],[[267,268]],[[269,270]],[[271,272]],[[273,274]],[[275,276]],[[277,278]],[[279,280]],[[281,282]],[[283,284]],[[285,286]],[[287,288]],[[290,291]],[[292,293]],[[294]],[[295]],[[296]],[[297]],[[298]],[[299]]],"type":"MultiPolygon","properties":{"min_mm":800,"max_mm":1200,"band":"800–1200 mm"}},{"arcs":[[[-198,-213,300,301,302,-293,303,-291,304]],[[305,306,-200,307]],[[308,309,-202,310]],[[-204,311]],[[-288,312,-286,313,-207,314,-284,315,-282,316]],[[-209,317]],[[-211,318]],[[-214,319,320,321,322,323]],[[-218,324]],[[-220,325]],[[326,327,328,329,-222,330]],[[-224,331]],[[-226,332]],[[-228,333]],[[-278,334,-276,335,-274,336,-230,337]],[[-232,338]],[[-250,339,340,341]],[[-257]],[[-258]],[[-259]],[[-260,342]],[[-262,343]],[[-264,344]],[[-270,345,-268,346,-266,347]],[[-272,348]],[[-280,349]],[[-290]],[[350,351]],[[352,353]],[[354,355]],[[356,357]],[[358,359]],[[360,361]],[[362,363]],[[364]],[[365]],[[366]],[[367]],[[368]],[[369]],[[370]],[[371]],[[372]],[[373]],[[374]],[[375]]],"type":"MultiPolygon","properties":{"min_mm":1200,"max_mm":1600,"band":"1200–1600 mm"}},{"arcs":[[[-341,376,-355,377,-353,378,-351,379,-359,380,-357,381],[395]],[[-302,382]],[[-306,383]],[[384,385,386,387,-309,388]],[[-321,389,-363,390]],[[-323,391]],[[-327,392]],[[-329,393]],[[-361,394]],[[396]],[[397]]],"type":"MultiPolygon","properties":{"min_mm":1600,"max_mm":2400,"band":"1600–2400 mm"}},{"arcs":[[[-385,398]],[[-387,399]],[[-396]]],"type":"MultiPolygon","properties":{"min_mm":2400,"max_mm":null,"band":"2400+ mm"}}]}}}